model,ticker,n,mae,rmse,r2,dir_acc
baseline:company_hist,AAPL,38,0.028228186589972264,0.03615770577252756,-0.16436875121976469,1.0
baseline:company_hist,ABBV,46,0.04529360198752484,0.058659330108617194,-0.2586328465462253,1.0
baseline:company_hist,ABT,46,0.023850046855084416,0.02890719505553629,-0.3039347878371301,1.0
baseline:company_hist,ADBE,43,0.016249826265555777,0.019219392358092096,-0.5604750308831354,1.0
baseline:company_hist,AMGN,46,0.051947905059037486,0.06660690378923913,-0.8609061875897843,1.0
baseline:company_hist,AMT,6,0.42119542169086316,0.46002586048249244,-12809.324024559008,1.0
baseline:company_hist,AMZN,46,0.09242172533319555,0.09791503226041086,-1.964755003694198,1.0
baseline:company_hist,APD,46,0.02742538076735953,0.030561056136680236,-1.5636732643715967,1.0
baseline:company_hist,BA,46,0.07554508081186292,0.09924175166369564,-0.550905004561016,0.8043478260869565
baseline:company_hist,BKNG,13,0.19867191260040776,0.19868881352090068,-57.53369867696061,1.0
baseline:company_hist,BKR,13,0.12627111277459832,0.16993112226986037,-44.12531205351688,1.0
baseline:company_hist,BMY,46,0.03158673731364472,0.0346557087270736,-0.16233347637917817,1.0
baseline:company_hist,C,9,0.28188853419874477,0.31710702088589476,-24.162455453986876,1.0
baseline:company_hist,CAT,46,0.054558956156008996,0.06826412623653527,-0.5217914812269608,1.0
baseline:company_hist,CCI,10,0.8274720849903199,1.2859980435543428,-32.09649541926771,0.8
baseline:company_hist,CL,46,0.011046545072247104,0.012876148819227055,-0.4299416612578091,1.0
baseline:company_hist,COP,30,0.09651416721946583,0.11737818689852784,-0.9667058656178804,1.0
baseline:company_hist,COST,47,0.004667021769598304,0.006053629633757235,-0.14417702849081437,1.0
baseline:company_hist,CRM,47,0.024022313920870488,0.026193455670370118,-2.5250429454733094,1.0
baseline:company_hist,CSCO,43,0.01652350968391082,0.01866712043536556,-0.5284524372478538,1.0
baseline:company_hist,CVX,30,0.033486314775450575,0.039020774240440696,-1.883719467890808,1.0
baseline:company_hist,DD,34,0.13437999802650857,0.2086980656824137,-1.1621761478960941,1.0
baseline:company_hist,DE,17,0.019981326478487455,0.022209614897116425,-5.205002495125094,1.0
baseline:company_hist,DOW,30,0.08973962736287112,0.13910909116713222,-12.418814663898074,1.0
baseline:company_hist,EA,46,0.10804012268561056,0.1095943701919021,-12.870034713185474,1.0
baseline:company_hist,ECL,46,0.03424755923954711,0.041725445486379215,-1.3300892375487452,1.0
baseline:company_hist,EQIX,46,0.012784147745220907,0.016527240804196094,-0.4269227057116738,1.0
baseline:company_hist,ETN,38,0.03906091123695694,0.06312697146614804,-5.794469505335748,1.0
baseline:company_hist,F,46,0.018590982339897356,0.02592944439667227,-0.4553084199890771,1.0
baseline:company_hist,FCX,41,0.2883324065693892,0.31523207204161807,-3.585554500624042,0.4634146341463415
baseline:company_hist,GE,40,0.15693715818117937,0.17225504528081143,-0.861738512641125,1.0
baseline:company_hist,GIS,32,0.029538555409752924,0.0564061013971998,-41.908883510714915,1.0
baseline:company_hist,GM,15,0.07716285898080637,0.09033339503921671,-2.7182606828757887,1.0
baseline:company_hist,GOOGL,42,0.04046116189402281,0.05710365736446108,-4.74017210172512,1.0
baseline:company_hist,HAL,15,0.018149729115395828,0.022778204517573043,-0.9482656170263077,1.0
baseline:company_hist,HD,47,0.004157671034749668,0.004923812361179453,-0.9589342089474944,1.0
baseline:company_hist,HON,46,0.0635382520668943,0.06636259041362082,-2.822062244204092,1.0
baseline:company_hist,INTC,27,0.1024140706445835,0.1445240920985831,-0.4862583023968776,1.0
baseline:company_hist,JNJ,25,0.050512793104939675,0.08523604678341315,-27.774101696227312,1.0
baseline:company_hist,KMB,46,0.026733268990382638,0.030319030447810494,-0.3467476567174952,1.0
baseline:company_hist,KO,21,0.0396543254254718,0.064195937762367,-47.164422439749345,1.0
baseline:company_hist,LLY,46,0.0310766936455394,0.034955189707630396,-0.34925595503109363,1.0
baseline:company_hist,LMT,46,0.020685494949522813,0.02295846247398687,-1.1411587423316543,1.0
baseline:company_hist,LOW,47,0.009478085613440605,0.013014157241103778,-1.0143627805234683,1.0
baseline:company_hist,MDLZ,46,0.022828382425157747,0.030589800136797077,-0.1465770291262829,1.0
baseline:company_hist,META,46,0.029888278542549954,0.04107004615582728,-2.3403792958999143,1.0
baseline:company_hist,MO,46,0.09248439493517123,0.10015174171576445,-1.545570850960916,1.0
baseline:company_hist,MRK,30,0.05783453377419171,0.06161833504302127,-2.942710605624341,1.0
baseline:company_hist,MSFT,46,0.055458290506939525,0.07021827730026076,-7.823908779054982,1.0
baseline:company_hist,NEM,9,0.1370334126748426,0.17599538120394137,-352.9000061513391,1.0
baseline:company_hist,NFLX,46,0.05331451493416251,0.06587003788383916,-0.4827763086227881,1.0
baseline:company_hist,NKE,46,0.010750583481101635,0.01363814953089358,-0.11639934966252863,1.0
baseline:company_hist,NUE,12,0.060261886141711796,0.06538041472675069,-5.95160174594908,1.0
baseline:company_hist,NVDA,47,0.09867791178400033,0.10735326444403327,-2.0397192414797463,1.0
baseline:company_hist,ORCL,6,0.395563335623562,0.40421546082098275,-10.657938566604825,1.0
baseline:company_hist,OXY,28,0.08769155744186671,0.16599187108982816,-49.171074485337336,1.0
baseline:company_hist,PEP,46,0.008993737707726632,0.010567908124541607,-1.4419130268355929,1.0
baseline:company_hist,PFE,17,0.05908281621034104,0.08367695404952932,-0.8452902016188735,1.0
baseline:company_hist,PG,46,0.01455911962119593,0.01732395277887852,-0.5752668311102538,1.0
baseline:company_hist,PSA,21,0.0658764417459529,0.12365740424572658,-408.3006619792938,1.0
baseline:company_hist,RTX,25,0.026242800400098795,0.03859195642386606,-0.2722820320419148,1.0
baseline:company_hist,SBUX,14,0.05399148504241554,0.07144956131307553,-1.0393248776675188,1.0
baseline:company_hist,SCCO,37,0.0797651555901633,0.08941010295929144,-0.2348098116188284,1.0
baseline:company_hist,SHW,46,0.02751233745927125,0.030734211309262384,-0.28232822042373784,1.0
baseline:company_hist,SLB,14,0.27121385997947656,0.3828849512169726,-0.7973164291697894,1.0
baseline:company_hist,TMO,13,0.022120385304523867,0.02500681941042291,-13.365256166022078,1.0
baseline:company_hist,TMUS,15,0.06349666359584384,0.06553891919556888,-8.717009155974283,1.0
baseline:company_hist,TSLA,46,0.03494565879432006,0.04063201950415344,-0.3057399853316056,1.0
baseline:company_hist,TTWO,46,0.09129978407473698,0.10294324570859824,-0.3576721986079727,1.0
baseline:company_hist,UNH,46,0.051877284356981794,0.05873328195633767,-4.892226928830855,1.0
baseline:company_hist,VLO,34,0.08841269603096566,0.17022878071823436,-32.582544130168294,0.9411764705882353
baseline:company_hist,VZ,14,0.16901503443842866,0.19046636663454855,-3.081339689329609,1.0
baseline:company_hist,WBD,20,0.05991390078232426,0.06363873735057266,-9.126209260059102,1.0
baseline:company_hist,WMT,47,0.0060131776774473705,0.0068706665333077115,-0.48088795831275144,1.0
baseline:expanding_mean,AAPL,38,0.0643076869910422,0.07290933356325456,-3.7342922728912775,1.0
baseline:expanding_mean,ABBV,46,0.24813516439735406,0.253559407604855,-22.51713001685257,1.0
baseline:expanding_mean,ABT,46,0.062423503282587695,0.06764907553044408,-6.141142481999368,1.0
baseline:expanding_mean,ADBE,43,0.3923425836352731,0.3926412167220464,-650.282324672714,1.0
baseline:expanding_mean,AMGN,46,0.25613241861907554,0.26059257756550036,-27.484596450434715,1.0
baseline:expanding_mean,AMT,6,0.5038795160456219,0.503886456325527,-15368.544367009423,1.0
baseline:expanding_mean,AMZN,46,0.07467948986739426,0.08925819261000782,-1.4636910461585724,1.0
baseline:expanding_mean,APD,46,0.17170111466070787,0.17272071474365425,-80.88697160758791,1.0
baseline:expanding_mean,BA,46,0.3935735365568169,0.4014202991640367,-24.37435523403367,0.8043478260869565
baseline:expanding_mean,BKNG,13,0.46684678418155207,0.4673924378352097,-322.9086139799117,1.0
baseline:expanding_mean,BKR,13,0.2921128265894991,0.2932864053805152,-133.4182485773343,1.0
baseline:expanding_mean,BMY,46,0.25925847609839225,0.26141561574510513,-65.13696020524596,1.0
baseline:expanding_mean,C,9,0.3584427858142669,0.36375984420186763,-32.110886931675914,1.0
baseline:expanding_mean,CAT,46,0.19702162107430024,0.20476062823086116,-12.69187683743989,1.0
baseline:expanding_mean,CCI,10,0.201621148330217,0.22511078331565748,-0.014130843614878819,1.0
baseline:expanding_mean,CL,46,0.11557191461701678,0.11602071788023927,-115.09604930821493,1.0
baseline:expanding_mean,COP,30,0.0883190917352109,0.10007229300465456,-0.42952686550065167,1.0
baseline:expanding_mean,COST,47,0.35157995098958217,0.35163396273374153,-3859.496475731798,1.0
baseline:expanding_mean,CRM,47,0.2705009626127633,0.27093410054273415,-376.1430909687959,1.0
baseline:expanding_mean,CSCO,43,0.15351606170006224,0.15418717709873728,-103.27826209019966,1.0
baseline:expanding_mean,CVX,30,0.07114206884571095,0.07459081266881798,-9.537362542389932,1.0
baseline:expanding_mean,DD,34,0.15913454938237392,0.1779199019762494,-0.5714598363319445,1.0
baseline:expanding_mean,DE,17,0.2724759509109401,0.2726840712520074,-934.361398794186,1.0
baseline:expanding_mean,DOW,30,0.3446101798189097,0.34662445006514747,-82.31467704187071,1.0
baseline:expanding_mean,EA,46,0.26625643740153804,0.2678320895813967,-81.83736518110575,1.0
baseline:expanding_mean,ECL,46,0.050517851188798535,0.05785115231579388,-3.4791397985011345,1.0
baseline:expanding_mean,EQIX,46,0.017581681520524185,0.022266378407923147,-1.5899949054803124,1.0
baseline:expanding_mean,ETN,38,0.14008581403074472,0.14236256666765099,-33.555506544307626,1.0
baseline:expanding_mean,F,46,0.3327169026143065,0.333403045257026,-239.60671548306163,1.0
baseline:expanding_mean,FCX,41,0.2535274577077713,0.2929022275664425,-2.958917170131913,0.926829268292683
baseline:expanding_mean,GE,40,0.1801749093528422,0.19740457824830993,-1.445058317821148,1.0
baseline:expanding_mean,GIS,32,0.13540897108936284,0.13568436432015232,-247.2873855675554,1.0
baseline:expanding_mean,GM,15,0.2802907803007498,0.283971646079397,-35.744566369314185,1.0
baseline:expanding_mean,GOOGL,42,0.09674264566429751,0.09971833840647384,-16.504396038045403,1.0
baseline:expanding_mean,HAL,15,0.3098436762209084,0.31030382238594983,-360.56255012233754,1.0
baseline:expanding_mean,HD,47,0.1396243568766903,0.1396729375645444,-1575.3091490431298,1.0
baseline:expanding_mean,HON,46,0.14136258925300502,0.145529104797415,-17.38022447679358,1.0
baseline:expanding_mean,INTC,27,0.11886659656578659,0.1237482181350797,-0.08966174027567275,1.0
baseline:expanding_mean,JNJ,25,0.20505891871293447,0.20573732940380576,-166.6414359883867,1.0
baseline:expanding_mean,KMB,46,0.134373902473727,0.13703269494892115,-26.510849935330132,1.0
baseline:expanding_mean,KO,21,0.12608656005574068,0.12638826341487647,-185.69159042202307,1.0
baseline:expanding_mean,LLY,46,0.29286616335032123,0.2944557764229078,-94.7439131245278,1.0
baseline:expanding_mean,LMT,46,0.357612119261549,0.35790323542670904,-519.3487494596261,1.0
baseline:expanding_mean,LOW,47,0.1456323915503109,0.1460576912193225,-252.71985328500304,1.0
baseline:expanding_mean,MDLZ,46,0.09902233508064551,0.1028807900480506,-11.969359810809388,1.0
baseline:expanding_mean,META,46,0.34554392490650665,0.34621770812162617,-236.37990713148918,1.0
baseline:expanding_mean,MO,46,0.05824039233793555,0.07355426146585733,-0.37304210382224867,1.0
baseline:expanding_mean,MRK,30,0.2387643787970628,0.24090363504940282,-59.26451821401973,1.0
baseline:expanding_mean,MSFT,46,0.1904361751931565,0.19197069988280063,-64.95239409637796,1.0
baseline:expanding_mean,NEM,9,0.23945233902304264,0.23960840559367366,-654.9672057563043,1.0
baseline:expanding_mean,NFLX,46,0.09557277478261432,0.1088206327525186,-3.0468984404813213,1.0
baseline:expanding_mean,NKE,46,0.0336170417836341,0.036352295803821134,-6.9318111682772034,1.0
baseline:expanding_mean,NUE,12,0.3249891469871341,0.3259858285127428,-171.81720719091615,1.0
baseline:expanding_mean,NVDA,47,0.15095589323705375,0.16307282707176085,-6.014006480803717,1.0
baseline:expanding_mean,ORCL,6,0.1265787151728437,0.1265864106097152,-0.1433260317210252,1.0
baseline:expanding_mean,OXY,28,0.39724769184713354,0.3979662728645049,-287.38475396439424,1.0
baseline:expanding_mean,PEP,46,0.06468562413946437,0.06496325519056667,-91.27577274086816,1.0
baseline:expanding_mean,PFE,17,0.265561816037012,0.27238995662735155,-18.553978389902106,1.0
baseline:expanding_mean,PG,46,0.01931430543478809,0.022893293332201085,-1.7509119626578826,1.0
baseline:expanding_mean,PSA,21,0.25232256872386616,0.2523932424421336,-1704.1305732530607,1.0
baseline:expanding_mean,RTX,25,0.22439129047775377,0.22716211316575094,-43.082031690008236,1.0
baseline:expanding_mean,SBUX,14,0.15267844237524456,0.1600315812793548,-9.230542809401381,1.0
baseline:expanding_mean,SCCO,37,0.07957684709440907,0.08743911378528411,-0.1809686698307591,1.0
baseline:expanding_mean,SHW,46,0.02619134980791514,0.03294283109936244,-0.4732515049658401,1.0
baseline:expanding_mean,SLB,14,0.2667138099022736,0.2827425501249185,0.01990022175022399,1.0
baseline:expanding_mean,TMO,13,0.029423721308538098,0.03099512223438391,-21.069025987000565,1.0
baseline:expanding_mean,TMUS,15,0.22835826979844961,0.22914307011619275,-117.78114758601963,1.0
baseline:expanding_mean,TSLA,46,0.2685387642327418,0.27106672196294596,-57.11286603704589,1.0
baseline:expanding_mean,TTWO,46,0.06981313890496699,0.08823375764748066,0.002601384484663738,1.0
baseline:expanding_mean,UNH,46,0.41236461911434846,0.4131777150336283,-290.59811002958406,1.0
baseline:expanding_mean,VLO,34,0.4310419547339044,0.43207577740095565,-215.35525951033378,0.9411764705882353
baseline:expanding_mean,VZ,14,0.3068447560971573,0.3203447041458575,-10.54519428264667,1.0
baseline:expanding_mean,WBD,20,0.15266292555876182,0.15428875993852942,-58.52129429456869,1.0
baseline:expanding_mean,WMT,47,0.23391350362315774,0.23398353509111547,-1716.4933204367794,1.0
baseline:persistence,AAPL,38,0.022165831991590383,0.036057632557954855,-0.15793245372749198,1.0
baseline:persistence,ABBV,46,0.035250998429811886,0.04642177840265442,0.21174195560728737,1.0
baseline:persistence,ABT,46,0.018449476691902885,0.023673232417646402,0.12550145738965668,1.0
baseline:persistence,ADBE,43,0.04194766497713684,0.11501095169886948,-54.879937613638454,1.0
baseline:persistence,AMGN,46,0.027922797312608046,0.04078087863427494,0.30241176910173284,1.0
baseline:persistence,AMT,6,0.3388678359891851,0.41174935321390865,-10261.696213173827,1.0
baseline:persistence,AMZN,46,0.021176722656621783,0.022908684717555996,0.8377105163238734,1.0
baseline:persistence,APD,46,0.019552554087803792,0.022943102185174567,-0.4448748640631415,1.0
baseline:persistence,BA,46,0.0525135569218035,0.0727984470401417,0.1654726299121806,0.717391304347826
baseline:persistence,BKNG,13,0.03350180158847693,0.035080990010021455,-0.8247476656374604,1.0
baseline:persistence,BKR,13,0.1022954942188184,0.1468715241207149,-32.70928728202987,1.0
baseline:persistence,BMY,46,0.02670497290190879,0.032455447064368884,-0.019427554308684147,1.0
baseline:persistence,C,9,0.23623947583002952,0.28585761841082213,-19.447529624989183,1.0
baseline:persistence,CAT,46,0.025225899443751656,0.03152187583100371,0.6755153289992011,1.0
baseline:persistence,CCI,10,0.29527985585779215,0.3497048626688779,-1.4473987596316142,1.0
baseline:persistence,CL,46,0.010358515161627358,0.013430905176981625,-0.555811260318043,1.0
baseline:persistence,COP,30,0.08981747465670502,0.1176695537536663,-0.9764818578275003,1.0
baseline:persistence,COST,47,0.005386384627373619,0.007614713266334328,-0.810375399157254,1.0
baseline:persistence,CRM,47,0.009859916233879358,0.011579812628551182,0.3110592389841107,1.0
baseline:persistence,CSCO,43,0.025535775231049475,0.05002846437237587,-9.9782120380745,1.0
baseline:persistence,CVX,30,0.028781406510969186,0.035946723584186054,-1.4472586317877054,1.0
baseline:persistence,DD,34,0.15287031851462643,0.2343689936097945,-1.7268078447711859,1.0
baseline:persistence,DE,17,0.08482919361134963,0.14058560547406515,-247.62317911220674,1.0
baseline:persistence,DOW,30,0.07121379024993638,0.12294577082744777,-9.481665992284904,1.0
baseline:persistence,EA,46,0.02391105636075292,0.033609774369369544,-0.30446446048723064,1.0
baseline:persistence,ECL,46,0.017915130868127006,0.022400465348000217,0.3284402318082881,1.0
baseline:persistence,EQIX,46,0.013080329811273094,0.01622844998701147,-0.3757953010240518,1.0
baseline:persistence,ETN,38,0.028318484133806093,0.053485585012512875,-3.877520975054714,1.0
baseline:persistence,F,46,0.01778733998116633,0.024761939571537665,-0.3272047851867457,1.0
baseline:persistence,FCX,41,0.1534203929385994,0.2155000288557895,-1.1430175691473425,0.9024390243902439
baseline:persistence,GE,40,0.1010018288488486,0.1440088155834751,-0.30122661502121195,1.0
baseline:persistence,GIS,32,0.027120308427216324,0.051209994123634896,-34.36751112405048,1.0
baseline:persistence,GM,15,0.05656363263581749,0.07186254030829181,-1.353142887779979,1.0
baseline:persistence,GOOGL,42,0.029445562434527877,0.04810165677578905,-3.0730255495302794,1.0
baseline:persistence,HAL,15,0.020461730855785783,0.02388204359491337,-1.1416680791197389,1.0
baseline:persistence,HD,47,0.0015949823151198595,0.0020891853080334385,0.6473281565544049,1.0
baseline:persistence,HON,46,0.014059956413456113,0.020822960056341485,0.6236984324322421,1.0
baseline:persistence,INTC,27,0.05472937072788162,0.07261595495180327,0.6247869800498298,1.0
baseline:persistence,JNJ,25,0.07288022539140192,0.1163808789299148,-52.64366497324083,1.0
baseline:persistence,KMB,46,0.02617727486881288,0.03244443892411219,-0.5421838345599677,1.0
baseline:persistence,KO,21,0.05304482034261725,0.07576980286850374,-66.09707325627605,1.0
baseline:persistence,LLY,46,0.01939593421281962,0.023573637311053587,0.38634509270555184,1.0
baseline:persistence,LMT,46,0.009092246494797169,0.01284015120806901,0.33026415642830864,1.0
baseline:persistence,LOW,47,0.004850048278552797,0.006997502740846619,0.41763972367768964,1.0
baseline:persistence,MDLZ,46,0.019737119146084493,0.03155886838373823,-0.2203735945909049,1.0
baseline:persistence,META,46,0.016308721868379266,0.020703446382419357,0.1511505076579952,1.0
baseline:persistence,MO,46,0.019000966099799343,0.020428283393470175,0.8940912299452899,1.0
baseline:persistence,MRK,30,0.0477121562334183,0.08053867449463775,-5.735718641879393,1.0
baseline:persistence,MSFT,46,0.014745105078266535,0.019660009911063432,0.3082835027289692,1.0
baseline:persistence,NEM,9,0.10963096968592788,0.1569955313490184,-280.61294313374026,1.0
baseline:persistence,NFLX,46,0.023563581767441884,0.028363328232617856,0.7250750253910826,1.0
baseline:persistence,NKE,46,0.013532975200945638,0.01588765618069732,-0.5150548111258466,1.0
baseline:persistence,NUE,12,0.22664411327527234,0.264770032691031,-113.0058664302788,1.0
baseline:persistence,NVDA,47,0.038398096741323696,0.05492552465532216,0.20429627657544136,1.0
baseline:persistence,ORCL,6,0.16854339375716076,0.17829299562895765,-1.2681119390020967,1.0
baseline:persistence,OXY,28,0.07505414567209075,0.15053535003289845,-40.26261567684414,1.0
baseline:persistence,PEP,46,0.006287255797833264,0.007791338341637669,-0.32732190629881175,1.0
baseline:persistence,PFE,17,0.13667215307074265,0.18005303165547262,-7.543854155369814,1.0
baseline:persistence,PG,46,0.015945228898583606,0.019744128868786744,-1.046143554807378,1.0
baseline:persistence,PSA,21,0.05309202272451681,0.11005872691442037,-323.2284837042572,1.0
baseline:persistence,RTX,25,0.01727190289859848,0.025683206426633836,0.4365073091154126,1.0
baseline:persistence,SBUX,14,0.08772573407699923,0.12627898091350476,-5.370146506715714,1.0
baseline:persistence,SCCO,37,0.05258525783124591,0.07102672672071265,0.22076135430680965,1.0
baseline:persistence,SHW,46,0.025163289601233464,0.03001040261877108,-0.22264027586482205,1.0
baseline:persistence,SLB,14,0.20234909566885792,0.3147607893295568,-0.21464453639741587,1.0
baseline:persistence,TMO,13,0.022297891741194748,0.027304131341477206,-16.125891490077834,1.0
baseline:persistence,TMUS,15,0.02330910123390939,0.03081544014736116,-1.1481807090338823,1.0
baseline:persistence,TSLA,46,0.03140824674246862,0.038904130877878064,-0.19704732967447436,1.0
baseline:persistence,TTWO,46,0.09083456331154319,0.10937333003179787,-0.5325762141317858,1.0
baseline:persistence,UNH,46,0.014912556138168373,0.029249785167732648,-0.46135687467853037,1.0
baseline:persistence,VLO,34,0.07801873271827328,0.15345623102738284,-26.290825474554822,0.8823529411764706
baseline:persistence,VZ,14,0.08913607247106167,0.12694172721568855,-0.8129046149403039,1.0
baseline:persistence,WBD,20,0.02529005995237757,0.030581121056210945,-1.3383557995602486,1.0
baseline:persistence,WMT,47,0.0036520120723324066,0.004407000041329172,0.3907289123504878,1.0
baseline:sector_median,AAPL,38,0.23645955917048295,0.2370103296616229,-49.029176854240326,1.0
baseline:sector_median,ABBV,46,0.034260507762217486,0.046120905676083235,0.22192669161764844,1.0
baseline:sector_median,ABT,46,0.19819472643671027,0.20248661235143203,-62.97887443887525,1.0
baseline:sector_median,ADBE,43,0.2187026594329981,0.21956691901442893,-202.66262351977974,1.0
baseline:sector_median,AMGN,46,0.028845549130567066,0.03867671702882781,0.37254122979501014,1.0
baseline:sector_median,AMT,6,0.37337482259194293,0.3733775328589879,-8438.019407896038,1.0
baseline:sector_median,AMZN,46,0.078987883201099,0.0941098126119911,-1.7387972641027685,1.0
baseline:sector_median,APD,46,0.06366931170881034,0.08392993135912338,-18.335690815363435,1.0
baseline:sector_median,BA,46,0.17606534550846129,0.20209254573391153,-5.431272987351551,0.8043478260869565
baseline:sector_median,BKNG,13,0.6007200933583072,0.6013139305529311,-535.1195757142683,1.0
baseline:sector_median,BKR,13,0.34678668471971263,0.39790074985446544,-246.41377864488487,1.0
baseline:sector_median,BMY,46,0.02979925631200309,0.03631657883683465,-0.2764124615986392,1.0
baseline:sector_median,C,9,0.23623947583002952,0.28585761841082213,-19.447529624989183,1.0
baseline:sector_median,CAT,46,0.03660362826738511,0.04741627807228185,0.2657820472126765,1.0
baseline:sector_median,CCI,10,0.20404602328450538,0.24790821739897806,-0.22993805257868893,1.0
baseline:sector_median,CL,46,0.1755540731039975,0.17643544246391757,-267.48375072392736,1.0
baseline:sector_median,COP,30,0.1395492015968277,0.17869429877004034,-3.5581227084837854,1.0
baseline:sector_median,COST,47,0.29200930087778176,0.2930610754021547,-2680.500043036742,1.0
baseline:sector_median,CRM,47,0.09901181850967013,0.10070122167218111,-51.10126820547082,1.0
baseline:sector_median,CSCO,43,0.027275820593617685,0.033206451919537285,-3.836622791917943,1.0
baseline:sector_median,CVX,30,0.06813841752906001,0.09504510608291905,-16.108847854879713,1.0
baseline:sector_median,DD,34,0.09853986835040515,0.1726618554157071,-0.47994996057924233,1.0
baseline:sector_median,DE,17,0.03678955120479329,0.038018415689987706,-17.182262939128247,1.0
baseline:sector_median,DOW,30,0.20792472914210178,0.2128432389367382,-30.41397157233909,1.0
baseline:sector_median,EA,46,0.17972996930930918,0.20602030034614754,-48.0141064306863,1.0
baseline:sector_median,ECL,46,0.06711895774890436,0.07849460417376779,-7.246130379158858,1.0
baseline:sector_median,EQIX,46,0.07680059923568366,0.09980418027104328,-51.03519697331839,1.0
baseline:sector_median,ETN,38,0.07610898413607628,0.07967079550252895,-9.822409232174582,1.0
baseline:sector_median,F,46,0.19189466708398753,0.19303439205075046,-79.65624593187398,1.0
baseline:sector_median,FCX,41,0.1439877323590661,0.21941007340670773,-1.2214891257795135,0.926829268292683
baseline:sector_median,GE,40,0.09800335833875642,0.15267076630827572,-0.4624686044093804,1.0
baseline:sector_median,GIS,32,0.08092242281675634,0.08425351809813529,-94.73508683254624,1.0
baseline:sector_median,GM,15,0.1448553858022134,0.15260169780100172,-9.611136461638292,1.0
baseline:sector_median,GOOGL,42,0.0729158362344594,0.07943359799303837,-10.107224075726254,1.0
baseline:sector_median,HAL,15,0.22107330781971044,0.23987704624956527,-215.0660711995965,1.0
baseline:sector_median,HD,47,0.002800958527597651,0.004933752510364871,-0.9668515509995994,1.0
baseline:sector_median,HON,46,0.07641951962365064,0.08252918721920555,-4.911071756725996,1.0
baseline:sector_median,INTC,27,0.1413176785813445,0.2025342526256249,-1.918843146884028,1.0
baseline:sector_median,JNJ,25,0.04372404160438341,0.050145786393028725,-8.95919116704206,1.0
baseline:sector_median,KMB,46,0.0746729577767488,0.08123398766155576,-8.667877870660204,1.0
baseline:sector_median,KO,21,0.18050170332848733,0.1822623686939344,-387.24447343000764,1.0
baseline:sector_median,LLY,46,0.04471292423965393,0.05705287438191989,-2.5943972690499404,1.0
baseline:sector_median,LMT,46,0.14010392821319342,0.14770082490566744,-87.61946177507326,1.0
baseline:sector_median,LOW,47,0.006511265800991164,0.009473297525406075,-0.06735267664766043,1.0
baseline:sector_median,MDLZ,46,0.040798816714503146,0.05731788464869953,-3.0255967244297466,1.0
baseline:sector_median,META,46,0.17490021730338443,0.1791816893709692,-62.58177607134027,1.0
baseline:sector_median,MO,46,0.09789052566674714,0.11493436230151981,-2.3524936007090154,1.0
baseline:sector_median,MRK,30,0.037414314351757794,0.04464603304396681,-1.0698588720113316,1.0
baseline:sector_median,MSFT,46,0.025630403255072584,0.032493381947702786,-0.8895156784140534,1.0
baseline:sector_median,NEM,9,0.07285673793338944,0.08076398770424573,-73.52698246517225,1.0
baseline:sector_median,NFLX,46,0.19004852339658532,0.22224113646581237,-15.879077623234306,1.0
baseline:sector_median,NKE,46,0.10720519374668473,0.10796897319251952,-68.96915378367501,1.0
baseline:sector_median,NUE,12,0.17247959856675607,0.17587634625129023,-49.3042190264229,1.0
baseline:sector_median,NVDA,47,0.041736279531612866,0.052319683002697626,0.2780066953184783,1.0
baseline:sector_median,ORCL,6,0.10532025407770879,0.1628026835291975,-0.8911197892481741,1.0
baseline:sector_median,OXY,28,0.4528659079799781,0.4641461050365377,-391.2736911704592,1.0
baseline:sector_median,PEP,46,0.12466778262644507,0.12690171245113194,-351.1170859646266,1.0
baseline:sector_median,PFE,17,0.055780122833419134,0.06268621152971933,-0.03561181733001462,1.0
baseline:sector_median,PG,46,0.07764533971472119,0.08054476891553483,-33.05138850592895,1.0
baseline:sector_median,PSA,21,0.13356730812633785,0.13940102448431568,-519.1566156760202,1.0
baseline:sector_median,RTX,25,0.035172291733478994,0.0425452761565679,-0.5462955152020312,1.0
baseline:sector_median,SBUX,14,0.2911009565106644,0.2966132840013337,-34.14539902338107,1.0
baseline:sector_median,SCCO,37,0.16998010295922875,0.18838798614213562,-4.481927515543661,1.0
baseline:sector_median,SHW,46,0.09783880936113067,0.10815812486460522,-14.880835706102832,1.0
baseline:sector_median,SLB,14,0.24182809471045916,0.2674836332198262,0.12283281411891178,1.0
baseline:sector_median,TMO,13,0.30212222616610523,0.3023335703328974,-2098.75780780171,1.0
baseline:sector_median,TMUS,15,0.06456810744347351,0.06806819482676224,-9.481478024870585,1.0
baseline:sector_median,TSLA,46,0.1277165287024229,0.13210501704301644,-12.80252396527211,1.0
baseline:sector_median,TTWO,46,0.13822947497413174,0.16928420381102932,-2.671403193717909,1.0
baseline:sector_median,UNH,46,0.1520632863682478,0.15477305571582148,-39.916797971209355,1.0
baseline:sector_median,VLO,34,0.41968685796935684,0.4436290144937026,-227.08015632222617,0.9411764705882353
baseline:sector_median,VZ,14,0.14755915222493007,0.1667994999297271,-2.1300814349863137,1.0
baseline:sector_median,WBD,20,0.04263258937103435,0.04712147111987399,-4.55189789597374,1.0
baseline:sector_median,WMT,47,0.17434285351135737,0.17626108920536407,-973.6245786433116,1.0
catboost,AAPL,38,0.035169144737463666,0.04597002484036437,-0.8820808919877554,1.0
catboost,ABBV,46,0.046116423408409116,0.05531772813197176,-0.11931812024634292,1.0
catboost,ABT,46,0.038849692057181445,0.04639908525954755,-2.3594083983458476,1.0
catboost,ADBE,43,0.03704869919614382,0.05865296055575857,-13.533070989410913,1.0
catboost,AMGN,46,0.035752837884524234,0.04691769937760411,0.07666477451925247,1.0
catboost,AMT,6,0.4504102702453145,0.46087524147849135,-12856.673062012174,1.0
catboost,AMZN,46,0.0394841793430849,0.04704601377650818,0.3155594511893569,1.0
catboost,APD,46,0.04880565560250322,0.06942845195634402,-12.23125138730308,1.0
catboost,BA,46,0.07565816479078062,0.12039347975149955,-1.282455343565866,0.8043478260869565
catboost,BKNG,13,0.10478147750450031,0.10528521520392731,-15.435916005229465,1.0
catboost,BKR,13,0.22381804210710524,0.22643167152501198,-79.12143370917728,1.0
catboost,BMY,46,0.04665509100429078,0.060088208100552556,-2.494295931536215,1.0
catboost,C,9,0.30990633362033193,0.39749596247963226,-38.537276260985294,1.0
catboost,CAT,46,0.026894890940945052,0.03538767096596079,0.5910463974897471,1.0
catboost,CCI,10,0.2593849774610208,0.27576453292016156,-0.5218722971370111,1.0
catboost,CL,46,0.01879282840423845,0.024401465863762496,-4.135446122496072,1.0
catboost,COP,30,0.13510405313879872,0.15005455093482584,-2.214126476583208,1.0
catboost,COST,47,0.03255664763004377,0.038438971477526944,-45.13229362782294,1.0
catboost,CRM,47,0.01971774766428254,0.025442433733079,-2.3257999323405896,1.0
catboost,CSCO,43,0.025326584069126787,0.037569964393090266,-5.191257068720962,1.0
catboost,CVX,30,0.03645900282283031,0.043929948977880905,-2.654960118375255,1.0
catboost,DD,34,0.09869942111204827,0.17108100848789853,-0.4529739492705309,1.0
catboost,DE,17,0.06398620447462483,0.08769447882637042,-95.73962663570609,1.0
catboost,DOW,30,0.0710778879945948,0.081995792417537,-3.6621502174923792,1.0
catboost,EA,46,0.05616577137141312,0.07865048071478414,-6.143381098948233,1.0
catboost,ECL,46,0.03436976880159204,0.040721417651343655,-1.2193018097399766,1.0
catboost,EQIX,46,0.05231554947923805,0.06668037432109353,-22.227143187081328,1.0
catboost,ETN,38,0.03568035433271671,0.045130428231466284,-2.4726783047637744,1.0
catboost,F,46,0.06389318296410874,0.07755225000154348,-12.018394405625179,1.0
catboost,FCX,41,0.1251398132415805,0.1946138113431702,-0.7477462632897827,0.926829268292683
catboost,GE,40,0.11058676175668669,0.14217558564406002,-0.2683082936806227,1.0
catboost,GIS,32,0.042218514413041086,0.04925532551816338,-31.719106394222614,1.0
catboost,GM,15,0.0396129292153078,0.05141966412853773,-0.20476305139662276,1.0
catboost,GOOGL,42,0.03187525460117622,0.04301573133820813,-2.257254450484433,1.0
catboost,HAL,15,0.18549077813133957,0.1919006414052579,-137.2808507419282,1.0
catboost,HD,47,0.01921338241351003,0.022052426347906065,-38.29430595647468,1.0
catboost,HON,46,0.022379683137017624,0.02797967548961488,0.32058294921794994,1.0
catboost,INTC,27,0.04335746243915457,0.057572210294262675,0.7641479800168125,1.0
catboost,JNJ,25,0.032219514373484366,0.04077337288489356,-5.584282467379271,1.0
catboost,KMB,46,0.030843264380670123,0.03983552446016898,-1.3248593761767067,1.0
catboost,KO,21,0.04076223590490034,0.0731597827185361,-61.554142645361075,1.0
catboost,LLY,46,0.07806961179321877,0.0882315910471893,-7.596451912759626,1.0
catboost,LMT,46,0.04037032930301462,0.04979715079878063,-9.073311314568365,1.0
catboost,LOW,47,0.017198874105997103,0.021231400611857222,-4.361210740904707,1.0
catboost,MDLZ,46,0.02523056878244187,0.03838327291342964,-0.8052359171894969,1.0
catboost,META,46,0.11371868620737394,0.12104796182115303,-28.017524775686184,1.0
catboost,MO,46,0.032383969774527455,0.03724008211694743,0.6480431384542045,1.0
catboost,MRK,30,0.030411683936782997,0.03787259753134,-0.4894473903920231,1.0
catboost,MSFT,46,0.021195725293728887,0.027608187551223934,-0.3640693854939141,1.0
catboost,NEM,9,0.02990661252350773,0.03466636893239075,-12.730765136273696,1.0
catboost,NFLX,46,0.055180816114624436,0.09259294414569315,-1.9299188968149625,1.0
catboost,NKE,46,0.02321061141713729,0.029160482753008747,-4.103852303105281,1.0
catboost,NUE,12,0.05178639138517238,0.060661720181290395,-4.984377538937244,1.0
catboost,NVDA,47,0.05926236935519038,0.0764229868218821,-0.5404619531900727,1.0
catboost,ORCL,6,0.11048664370224141,0.17328793073177673,-1.1425578272471681,1.0
catboost,OXY,28,0.20177098241639266,0.23124339190745138,-96.36848741018493,1.0
catboost,PEP,46,0.02885908793254714,0.035559899364536,-26.648602214570317,1.0
catboost,PFE,17,0.1104504740709772,0.1281032016410794,-3.3248686085644223,1.0
catboost,PG,46,0.027398692313320504,0.036165600325014445,-5.865173272512929,1.0
catboost,PSA,21,0.06642314070503985,0.09081436310207569,-219.75537085466743,1.0
catboost,RTX,25,0.021096771085462356,0.027539458931007954,0.3521109959631148,1.0
catboost,SBUX,14,0.10066265080766265,0.14563874297633492,-7.473076501843385,1.0
catboost,SCCO,37,0.07880837533620864,0.10395954204261111,-0.669381502795898,1.0
catboost,SHW,46,0.028669687618513198,0.03188524735424705,-0.3801765209340904,1.0
catboost,SLB,14,0.17681864496861746,0.21250871262870766,0.4463421903327669,1.0
catboost,TMO,13,0.03404566806744513,0.051237124767822245,-59.306755054125496,1.0
catboost,TMUS,15,0.0423433839126974,0.05144505611090358,-4.987166725163766,1.0
catboost,TSLA,46,0.059305340485018516,0.07039623910988006,-2.919392908802495,1.0
catboost,TTWO,46,0.08870775674694291,0.11258554161029785,-0.6239193384852024,1.0
catboost,UNH,46,0.11207718111821544,0.1261960747074558,-26.20211164203607,1.0
catboost,VLO,34,0.21104690777150167,0.21850157655791297,-54.32950271779444,0.9411764705882353
catboost,VZ,14,0.17916918525697936,0.20047267876424235,-3.5214375344717297,1.0
catboost,WBD,20,0.0560492931616184,0.0611944689939826,-8.363282584181643,1.0
catboost,WMT,47,0.017727103073127654,0.02529899014538779,-19.078479992857027,1.0
elasticnet,AAPL,38,0.0588923470319532,0.07129953406066683,-3.527538918583545,1.0
elasticnet,ABBV,46,0.05806872699480858,0.06903374141332874,-0.7432018822497928,1.0
elasticnet,ABT,46,0.10023152905250353,0.11552566318562046,-19.825762284319627,1.0
elasticnet,ADBE,43,0.10920963133762301,0.11922772854111459,-59.052633645252115,1.0
elasticnet,AMGN,46,0.07469177959086484,0.08505957288448608,-2.034816126429332,1.0
elasticnet,AMT,6,0.5991970620479502,0.741120805035423,-33247.620617417044,1.0
elasticnet,AMZN,46,0.04245927557787681,0.05550793148971206,0.047203495455554134,1.0
elasticnet,APD,46,0.0589098402709282,0.07808065934872294,-15.734506177206846,1.0
elasticnet,BA,46,0.06250985782370867,0.08676953541919188,-0.18558009542089415,0.782608695652174
elasticnet,BKNG,13,0.22918770775575556,0.2340150443230701,-80.19825407609599,1.0
elasticnet,BKR,13,0.21958254906137797,0.22215235928127625,-76.1216347348884,1.0
elasticnet,BMY,46,0.09749322602319839,0.10602840515612068,-9.87991830508018,1.0
elasticnet,C,9,0.2254676286788169,0.2915140993162316,-20.264757432190642,1.0
elasticnet,CAT,46,0.05104094032885707,0.05716655019202412,-0.06722022443187448,1.0
elasticnet,CCI,10,0.6923468979931349,0.9236815715545138,-16.074419652358827,1.0
elasticnet,CL,46,0.0749572344735538,0.07660286005239035,-49.60999729199183,1.0
elasticnet,COP,30,0.0741655817740913,0.08122701953113008,0.05818488677085032,1.0
elasticnet,COST,47,0.16113883883298316,0.16850790966487614,-885.5477110027125,1.0
elasticnet,CRM,47,0.03610077256982722,0.04289545645684366,-8.453691004877665,1.0
elasticnet,CSCO,43,0.02512159359088798,0.0352449570719897,-4.44867923686614,1.0
elasticnet,CVX,30,0.1256230361226142,0.13018058492359272,-31.096204753755522,1.0
elasticnet,DD,34,0.07105927771629633,0.14919061678418763,-0.10493630454815572,1.0
elasticnet,DE,17,0.04455904194655441,0.06336284838199234,-49.50440840558726,1.0
elasticnet,DOW,30,0.13621341393643718,0.16190861955466043,-17.177873130099584,1.0
elasticnet,EA,46,0.06681755424831956,0.08353278607970534,-7.057772304659515,1.0
elasticnet,ECL,46,0.03558602572778279,0.04494012456027811,-1.7029569777837015,1.0
elasticnet,EQIX,46,0.0313149524523727,0.036863017400005374,-6.098743784346884,1.0
elasticnet,ETN,38,0.034590237988970825,0.03972210693974741,-1.6902348694736604,1.0
elasticnet,F,46,0.22023212083984628,0.2239626606983506,-107.57250464847574,1.0
elasticnet,FCX,41,0.13966514608633937,0.18994624925663808,-0.6649167046298212,0.926829268292683
elasticnet,GE,40,0.15052909237937523,0.26792645130796533,-3.5040786386178926,1.0
elasticnet,GIS,32,0.022993648837250302,0.03003405009390608,-11.165300704527128,1.0
elasticnet,GM,15,0.12340215054946314,0.13850426750328088,-7.741168224588257,1.0
elasticnet,GOOGL,42,0.06590301285248971,0.07293291100449385,-8.363628187036463,1.0
elasticnet,HAL,15,0.27541004257707424,0.27883249186325104,-290.94157726920844,1.0
elasticnet,HD,47,0.03376542810206529,0.04260552924907724,-145.6725325425535,1.0
elasticnet,HON,46,0.03645488314229197,0.04331838283633366,-0.62852925893082,1.0
elasticnet,INTC,27,0.07200638860451093,0.09708223197784809,0.3293540612807264,1.0
elasticnet,JNJ,25,0.05070365190195947,0.057750348241923745,-12.208831219448044,1.0
elasticnet,KMB,46,0.02866303179051102,0.037230596319950765,-1.0307459459559811,1.0
elasticnet,KO,21,0.10528810831781843,0.11406437892990658,-151.0587242258709,1.0
elasticnet,LLY,46,0.11285604740548542,0.12049857042548572,-15.033738848752286,1.0
elasticnet,LMT,46,0.05245556085598479,0.07120275059768466,-19.59476346215016,0.9782608695652174
elasticnet,LOW,47,0.04023655040741205,0.04829328033777384,-26.73824635223243,1.0
elasticnet,MDLZ,46,0.030135497727637683,0.04016181978069374,-0.9764085491000711,1.0
elasticnet,META,46,0.2360947891764257,0.23844753805205007,-111.59810638423646,1.0
elasticnet,MO,46,0.039171439803186235,0.0467533145307557,0.44525552337513885,1.0
elasticnet,MRK,30,0.0749548183690164,0.08399305602982553,-6.325912861427047,1.0
elasticnet,MSFT,46,0.0249277088007823,0.03434406442700111,-1.1108824497487468,1.0
elasticnet,NEM,9,0.02901144519933658,0.0434904606886358,-20.6105612235122,1.0
elasticnet,NFLX,46,0.1290276879938877,0.13135729244355557,-4.896688526638075,1.0
elasticnet,NKE,46,0.04327469562636192,0.04836734399074824,-13.041488810947476,1.0
elasticnet,NUE,12,0.05901300242093796,0.08905772117310362,-11.89830664470209,1.0
elasticnet,NVDA,47,0.048254039062133054,0.06352822154992065,-0.06447718443607497,1.0
elasticnet,ORCL,6,0.14815423298644903,0.19807991197604366,-1.7994762633276111,1.0
elasticnet,OXY,28,0.32610857207617133,0.3300296023813548,-197.32869474515044,1.0
elasticnet,PEP,46,0.04863820157826761,0.05361543051224707,-61.85382744679825,1.0
elasticnet,PFE,17,0.18772781764790983,0.19425289831516326,-8.944614774747347,1.0
elasticnet,PG,46,0.07238233684303061,0.07626710547116441,-29.53055324956408,1.0
elasticnet,PSA,21,0.08555482684689882,0.12779620644254153,-436.1576875343519,1.0
elasticnet,RTX,25,0.04371503136091555,0.048477554687204834,-1.0075723809813102,1.0
elasticnet,SBUX,14,0.225832421100893,0.23146768236208373,-20.402672707552732,1.0
elasticnet,SCCO,37,0.10719425663621449,0.12964770016253083,-1.5963098202914647,1.0
elasticnet,SHW,46,0.043188092803037446,0.04898171092959205,-2.2570389791818233,1.0
elasticnet,SLB,14,0.26833453556035497,0.29001855617430056,-0.0311919684547739,1.0
elasticnet,TMO,13,0.204090022891117,0.20592131656558837,-973.0899705034483,1.0
elasticnet,TMUS,15,0.20179562453040864,0.20484181354675338,-93.92296296203298,1.0
elasticnet,TSLA,46,0.05100347482528488,0.06223689966945751,-2.0634852053480492,1.0
elasticnet,TTWO,46,0.09957229566027938,0.13144699562205658,-1.2136071010726934,1.0
elasticnet,UNH,46,0.3127537711121721,0.3150461917749091,-168.5350092412718,1.0
elasticnet,VLO,34,0.2936314127492925,0.306277839440504,-107.71232069791155,0.9411764705882353
elasticnet,VZ,14,0.21304115099233398,0.23187356679952945,-5.048791758960719,1.0
elasticnet,WBD,20,0.03916547018922029,0.052767444184055844,-5.962030286578929,1.0
elasticnet,WMT,47,0.09446598316361526,0.09898364581024895,-306.3628342432731,1.0
ensemble,AAPL,38,0.030801249583125825,0.0471940462831182,-0.9836417340131995,1.0
ensemble,ABBV,46,0.03460045058103411,0.04234036546218278,0.3442563888926652,1.0
ensemble,ABT,46,0.03284761211668289,0.04403557110328268,-2.025876736982585,1.0
ensemble,ADBE,43,0.034119483805784015,0.05757961702344987,-13.00603031801221,1.0
ensemble,AMGN,46,0.033903788907863476,0.04441248015251328,0.1726371037263501,1.0
ensemble,AMT,6,0.49417877588525233,0.5027862246283509,-15301.499110335777,1.0
ensemble,AMZN,46,0.04393360909408398,0.05312111496552055,0.12738146820730778,1.0
ensemble,APD,46,0.03385599233509022,0.05072885804918356,-6.063763157019974,1.0
ensemble,BA,46,0.07663132322297096,0.11771286286499208,-1.1819470109466321,0.782608695652174
ensemble,BKNG,13,0.1071133460725578,0.10772640617082892,-16.20693341951506,1.0
ensemble,BKR,13,0.1291391317200224,0.13631031120019213,-28.03566556770582,1.0
ensemble,BMY,46,0.0451200553509567,0.05484332644817695,-1.9109098346821725,1.0
ensemble,C,9,0.2665529179043145,0.33566975300868473,-27.19458599543031,1.0
ensemble,CAT,46,0.02964879774363976,0.03971765084222116,0.4848458718140636,1.0
ensemble,CCI,10,0.19814281972839284,0.20350249286337652,0.17121695021686278,1.0
ensemble,CL,46,0.016019621297282703,0.019682745614768713,-2.3413171792756167,1.0
ensemble,COP,30,0.14413769191141265,0.16459195560533124,-2.8670681883637053,1.0
ensemble,COST,47,0.03077137966876089,0.037260067600741326,-42.345978115186966,1.0
ensemble,CRM,47,0.02110817087144464,0.025764380582349204,-2.410501364501773,1.0
ensemble,CSCO,43,0.01964709051568123,0.030654895558268246,-3.121895256830923,1.0
ensemble,CVX,30,0.0710698219618883,0.08161290705955888,-11.614758486309661,1.0
ensemble,DD,34,0.10013261133974882,0.17632610738027596,-0.5434318729811307,1.0
ensemble,DE,17,0.05657806597510429,0.08918634297179279,-99.05910565427456,1.0
ensemble,DOW,30,0.07267386960615946,0.08688839689345756,-4.235120674456389,1.0
ensemble,EA,46,0.061688922534730475,0.07564269173615704,-5.60746706515522,1.0
ensemble,ECL,46,0.04947416186970201,0.055400884669759336,-3.1077498571582822,1.0
ensemble,EQIX,46,0.053191014027214614,0.06624275058426188,-21.92326386299035,1.0
ensemble,ETN,38,0.0403072766438174,0.04935374335847893,-3.1530373962730236,1.0
ensemble,F,46,0.04617385622251881,0.05678550649466522,-5.979810432593959,1.0
ensemble,FCX,41,0.1171020845183798,0.19093298160562044,-0.6822594450599562,0.926829268292683
ensemble,GE,40,0.12734680366723503,0.15668753567753382,-0.5404360763320546,1.0
ensemble,GIS,32,0.022491472305974664,0.027708966257085983,-9.354656451637215,1.0
ensemble,GM,15,0.0639083572725325,0.07238793063074057,-1.3876765373235944,1.0
ensemble,GOOGL,42,0.04380859388732474,0.05509412911832598,-4.343277247665521,1.0
ensemble,HAL,15,0.13658864131321724,0.13889277619542942,-71.43834301780232,1.0
ensemble,HD,47,0.008761604733681304,0.011163577772318094,-9.069865419821122,1.0
ensemble,HON,46,0.018860968732525657,0.02620336379880722,0.40411124714253976,1.0
ensemble,INTC,27,0.057145464468347826,0.07345427773006231,0.6160735974973097,1.0
ensemble,JNJ,25,0.040736871852832174,0.04820493004326284,-8.203183679712156,1.0
ensemble,KMB,46,0.029265651133390108,0.04110481217898372,-1.4753746921200004,1.0
ensemble,KO,21,0.04594051031607182,0.08362845084125804,-80.73712650630296,1.0
ensemble,LLY,46,0.07589945336021801,0.08273416240643619,-6.558589600183772,1.0
ensemble,LMT,46,0.024264870518106465,0.031705207689380864,-3.0834239459313117,1.0
ensemble,LOW,47,0.010537663441408128,0.014654501461127945,-1.5541575697552976,1.0
ensemble,MDLZ,46,0.02637629864229211,0.0407336069462527,-1.0330857418078838,1.0
ensemble,META,46,0.0809078334532817,0.08525331657689939,-13.393551555719796,1.0
ensemble,MO,46,0.017659381780625476,0.02166671027740055,0.8808609511435473,1.0
ensemble,MRK,30,0.034972565773865226,0.043386387124457755,-0.9547082977350263,1.0
ensemble,MSFT,46,0.019647885411514226,0.025916743649735778,-0.20204723767552712,1.0
ensemble,NEM,9,0.02765221314607011,0.034403037402152836,-12.522955053467674,1.0
ensemble,NFLX,46,0.05424225562376174,0.09377215109664999,-2.0050214009805902,1.0
ensemble,NKE,46,0.0185394633857623,0.022651887394378616,-2.079764206614965,1.0
ensemble,NUE,12,0.07712157665496615,0.08833980043097553,-11.691190673048279,1.0
ensemble,NVDA,47,0.06099434511629107,0.08402890645466955,-0.8623460649394312,1.0
ensemble,ORCL,6,0.11348755296056495,0.16730549291991068,-0.9971759167623122,1.0
ensemble,OXY,28,0.19570698117724153,0.21775727512576706,-85.34259720170411,1.0
ensemble,PEP,46,0.023833885173060766,0.028692208449483104,-17.000314307081,1.0
ensemble,PFE,17,0.0723510590448235,0.08513000219661172,-0.9099334681587812,1.0
ensemble,PG,46,0.025945367579424405,0.031576663798085734,-4.233504865959612,1.0
ensemble,PSA,21,0.05774372012308173,0.07663212275616181,-156.18963568748703,1.0
ensemble,RTX,25,0.021350547795979193,0.031930717132570036,0.12902207620849038,1.0
ensemble,SBUX,14,0.08072183364039646,0.12927715728682335,-5.676223564584237,1.0
ensemble,SCCO,37,0.06306920900756441,0.08654204917460921,-0.15686113320518125,1.0
ensemble,SHW,46,0.02685436531749443,0.03308674017930027,-0.48615126787469376,1.0
ensemble,SLB,14,0.19347031965175218,0.22454675293645734,0.3818391332315466,1.0
ensemble,TMO,13,0.039027050680296285,0.049920716497430094,-56.247704782119875,1.0
ensemble,TMUS,15,0.04924367886839188,0.05468957257872302,-5.766173346986279,1.0
ensemble,TSLA,46,0.040585090583317336,0.04968986105332432,-0.9527895919627585,1.0
ensemble,TTWO,46,0.09641736453744155,0.12476129243224068,-0.9941551341604435,1.0
ensemble,UNH,46,0.10880429614644557,0.1233724292574325,-24.99843213917413,1.0
ensemble,VLO,34,0.2086118796743898,0.22554794071170914,-57.95563883943156,0.9411764705882353
ensemble,VZ,14,0.18808022198089439,0.2078978202362575,-3.8625717190610542,1.0
ensemble,WBD,20,0.05708297275327072,0.06279908614477213,-8.860761101676399,1.0
ensemble,WMT,47,0.018178257541127642,0.022927049880982837,-15.490005941580105,1.0
extra_trees,AAPL,38,0.10020484799869007,0.10459825278217212,-8.744008830200855,1.0
extra_trees,ABBV,46,0.07909205626419823,0.08529603732960062,-1.6612310001241677,1.0
extra_trees,ABT,46,0.06837591438274876,0.07636355496342041,-8.09947303050389,1.0
extra_trees,ADBE,43,0.17715915526097475,0.17946633131017056,-135.06407956382634,1.0
extra_trees,AMGN,46,0.05587290464354604,0.06222606865969357,-0.6241671248263609,1.0
extra_trees,AMT,6,0.44848661967900716,0.44904181136461574,-12204.88248619634,1.0
extra_trees,AMZN,46,0.046201952316504265,0.05588634051035373,0.034168394223030085,1.0
extra_trees,APD,46,0.07197340393160653,0.07741997361624935,-15.45250361999673,1.0
extra_trees,BA,46,0.16869701837068227,0.1866358120830726,-4.4851223157565565,0.8043478260869565
extra_trees,BKNG,13,0.3565952954985447,0.35786863323110896,-188.89188434260078,1.0
extra_trees,BKR,13,0.24796728922169903,0.24911710448305965,-95.97983966098595,1.0
extra_trees,BMY,46,0.08051767694353303,0.0927134130591745,-7.318907869280924,1.0
extra_trees,C,9,0.3526923205610542,0.3628453885103311,-31.944621297840158,1.0
extra_trees,CAT,46,0.04000196270541879,0.047217150761667465,0.27193587702645994,1.0
extra_trees,CCI,10,0.20720372273958948,0.2296909762727962,-0.055818483060546376,1.0
extra_trees,CL,46,0.10484727478390822,0.10582961377662127,-95.59636121053389,1.0
extra_trees,COP,30,0.08899422875151547,0.09786896722052521,-0.3672710871714122,1.0
extra_trees,COST,47,0.1488157157425704,0.14999401455503947,-701.4402495768372,1.0
extra_trees,CRM,47,0.06947994448067608,0.0737709011893294,-26.960761417170126,1.0
extra_trees,CSCO,43,0.026943372942407597,0.03139445738934998,-3.3231791463638523,1.0
extra_trees,CVX,30,0.07824909327959907,0.08347935546246579,-12.198343260680018,1.0
extra_trees,DD,34,0.08008411796023777,0.13623027739028695,0.07869907689826183,1.0
extra_trees,DE,17,0.09078109077882927,0.09260779449495578,-106.88348988420088,1.0
extra_trees,DOW,30,0.20194991636735882,0.2074966565329843,-28.85556775018966,1.0
extra_trees,EA,46,0.13755265741135023,0.14203306760277992,-22.295926717053607,1.0
extra_trees,ECL,46,0.02403084503329636,0.027541612586868477,-0.015194648131190647,1.0
extra_trees,EQIX,46,0.05481271907881107,0.061970150650669,-19.06156654849001,1.0
extra_trees,ETN,38,0.015555701913938881,0.020211768212899776,0.3034789224650857,1.0
extra_trees,F,46,0.2064091071125951,0.20825979336744752,-92.8813846427764,1.0
extra_trees,FCX,41,0.1603814642733329,0.22107331304414962,-1.2552968101777218,0.926829268292683
extra_trees,GE,40,0.10049380538240608,0.12294998461638143,0.05151222395573707,1.0
extra_trees,GIS,32,0.06914507141064276,0.07103539644798493,-67.05259084865183,1.0
extra_trees,GM,15,0.11913667400178406,0.1321570646388259,-6.958366519670488,1.0
extra_trees,GOOGL,42,0.0282737041547313,0.032773308521879395,-0.8907653586354154,1.0
extra_trees,HAL,15,0.2686376326561002,0.2697603451057853,-272.25329479396555,1.0
extra_trees,HD,47,0.042767677186378104,0.04856963311604936,-189.61036266931274,1.0
extra_trees,HON,46,0.025548669282012083,0.03162791366248547,0.13185516735705416,1.0
extra_trees,INTC,27,0.07531950274457484,0.10965645688666999,0.1443774684288176,1.0
extra_trees,JNJ,25,0.04858188883569317,0.05454129043212389,-10.781646666948365,1.0
extra_trees,KMB,46,0.074135065250864,0.0791243914587298,-8.172260404403508,1.0
extra_trees,KO,21,0.10979887613797679,0.11166331835556657,-144.72441544801788,1.0
extra_trees,LLY,46,0.12511741850254074,0.12958703661574264,-17.543603548534254,1.0
extra_trees,LMT,46,0.1314700449937364,0.13502727502567302,-73.06384813340225,1.0
extra_trees,LOW,47,0.035183657982038916,0.04149196981346879,-19.4754613246128,1.0
extra_trees,MDLZ,46,0.044662514663056256,0.05468339363614135,-2.664045648311205,1.0
extra_trees,META,46,0.19399096956503323,0.19744111199322276,-76.20058263601496,1.0
extra_trees,MO,46,0.05386898673383168,0.06630975761292111,-0.11589429501219595,1.0
extra_trees,MRK,30,0.08247778455458073,0.08625425720670721,-6.725668365545147,1.0
extra_trees,MSFT,46,0.02660536457239024,0.032693458276159014,-0.9128565090912599,1.0
extra_trees,NEM,9,0.11349979449863645,0.11455356372671045,-148.93231213621593,1.0
extra_trees,NFLX,46,0.10865802723573321,0.11561499911239506,-3.568021847175128,1.0
extra_trees,NKE,46,0.027049085936405697,0.02971378404313701,-4.29937441234967,1.0
extra_trees,NUE,12,0.1836966276112445,0.18676228430450317,-55.724136805751264,1.0
extra_trees,NVDA,47,0.05638531646934235,0.08373001112066798,-0.8491206985336894,1.0
extra_trees,ORCL,6,0.11084409788941735,0.16470003808181502,-0.9354560770809015,1.0
extra_trees,OXY,28,0.3588514035566281,0.3601602751295923,-235.19537002690384,1.0
extra_trees,PEP,46,0.07083290452121546,0.07251229057254935,-113.96757796670146,1.0
extra_trees,PFE,17,0.13766995733396795,0.14770742660089844,-4.749864541270215,1.0
extra_trees,PG,46,0.044721850889781214,0.047426625730721,-10.806049503327124,1.0
extra_trees,PSA,21,0.12837791221782494,0.13510135399141213,-487.5641529436937,1.0
extra_trees,RTX,25,0.03113909664338028,0.04400625333805701,-0.6543164626549451,1.0
extra_trees,SBUX,14,0.17297249249356825,0.18520025626563827,-12.701573681066726,1.0
extra_trees,SCCO,37,0.10071306554983514,0.1253969031642547,-1.4288489340250061,1.0
extra_trees,SHW,46,0.040236305888964895,0.04528182118741316,-1.783574344121897,1.0
extra_trees,SLB,14,0.26281114230020425,0.27771586485198857,0.05443948250888597,1.0
extra_trees,TMO,13,0.16586756192421076,0.16667992276928045,-637.2091705630066,1.0
extra_trees,TMUS,15,0.16829892682497363,0.1696470122645085,-64.10682133754547,1.0
extra_trees,TSLA,46,0.1444851805324847,0.14818270583546048,-16.36660508595981,1.0
extra_trees,TTWO,46,0.08105215190245453,0.10891508866382933,-0.5197610492450859,1.0
extra_trees,UNH,46,0.2035013898011916,0.2071595607584722,-72.30285480043884,1.0
extra_trees,VLO,34,0.3409634431004089,0.3434087466202166,-135.66909608683008,0.9411764705882353
extra_trees,VZ,14,0.2203735186328906,0.23821449400420783,-5.384141624666631,1.0
extra_trees,WBD,20,0.05522261499372642,0.06086221079609081,-8.261881862343502,1.0
extra_trees,WMT,47,0.10252270376739273,0.10470909193290309,-342.94836316429064,1.0
hist_gbm,AAPL,38,0.031124528547400526,0.051507419556330945,-1.3628077926570499,1.0
hist_gbm,ABBV,46,0.03500788808631405,0.04483852625788912,0.26459340022371636,1.0
hist_gbm,ABT,46,0.03901016737002787,0.05473754148932637,-3.6753544457348983,1.0
hist_gbm,ADBE,43,0.03542388342080961,0.06083149569800501,-14.632718510994367,1.0
hist_gbm,AMGN,46,0.03610045537333079,0.04842742965450339,0.01628605987655707,1.0
hist_gbm,AMT,6,0.46411814126779444,0.46646824499672657,-13170.638137113461,1.0
hist_gbm,AMZN,46,0.06234415772286454,0.08149267278964246,-1.053653605610727,1.0
hist_gbm,APD,46,0.03676364161387197,0.05310080101335557,-6.739770832148189,1.0
hist_gbm,BA,46,0.07852270522071592,0.11492213795024321,-1.0797146380474962,0.782608695652174
hist_gbm,BKNG,13,0.11153061286149894,0.11370879062481264,-18.171108091641397,1.0
hist_gbm,BKR,13,0.08949161743122798,0.11261771639867948,-18.819276672810982,1.0
hist_gbm,BMY,46,0.04718566198099334,0.059009300095848205,-2.3699394955478392,1.0
hist_gbm,C,9,0.26824699800419394,0.32032336459597294,-24.675478079047252,1.0
hist_gbm,CAT,46,0.03895842525528175,0.05415158753818336,0.042381641118154234,1.0
hist_gbm,CCI,10,0.1865145388289629,0.19104628454613726,0.26957002865447943,1.0
hist_gbm,CL,46,0.01955939494673977,0.023587893065611272,-3.7987115463255936,1.0
hist_gbm,COP,30,0.1588036325479774,0.1929672209579911,-4.315348008468435,1.0
hist_gbm,COST,47,0.03386009434382337,0.04482753972746003,-61.74098586676308,1.0
hist_gbm,CRM,47,0.02192440472242633,0.026532415224852782,-2.616865729899003,1.0
hist_gbm,CSCO,43,0.022581981072871037,0.032623082297388084,-3.668176342007328,1.0
hist_gbm,CVX,30,0.09357197842081834,0.10633893519013542,-20.416369896996354,1.0
hist_gbm,DD,34,0.12525169436754713,0.18915087745549272,-0.7761144395378854,1.0
hist_gbm,DE,17,0.06115267940244403,0.09400543057524784,-110.16441581585538,1.0
hist_gbm,DOW,30,0.08124470842197852,0.09380898416874797,-5.102278077549561,1.0
hist_gbm,EA,46,0.06445204432913358,0.07905034227976299,-6.216200093602853,1.0
hist_gbm,ECL,46,0.0635112863863786,0.06971222101660443,-5.504118251150821,1.0
hist_gbm,EQIX,46,0.059658902495058744,0.07317136348023105,-26.969328160253443,1.0
hist_gbm,ETN,38,0.05617088065837985,0.07209999774404038,-7.863314242936253,1.0
hist_gbm,F,46,0.03990909338882767,0.054270983204545584,-5.375349517078334,1.0
hist_gbm,FCX,41,0.1236194306066072,0.19730581101251984,-0.796432149132015,0.926829268292683
hist_gbm,GE,40,0.15037751192977922,0.18478984676239246,-1.142550126386432,1.0
hist_gbm,GIS,32,0.017355758884034175,0.02452533647645707,-7.111944966451151,1.0
hist_gbm,GM,15,0.0845228214993385,0.09927675004427822,-3.4909505367919467,1.0
hist_gbm,GOOGL,42,0.06415742365941113,0.0766017610699196,-9.329387557376156,1.0
hist_gbm,HAL,15,0.13219486809836267,0.1380460047274968,-70.55778255392273,1.0
hist_gbm,HD,47,0.011798267787333255,0.014097250273211953,-15.05778659043337,1.0
hist_gbm,HON,46,0.021768776331110865,0.02969394217382074,0.23477911909288507,1.0
hist_gbm,INTC,27,0.0672427669460348,0.0866370198959339,0.465902181141127,1.0
hist_gbm,JNJ,25,0.04529991653506017,0.05967440971052432,-13.103647324762973,1.0
hist_gbm,KMB,46,0.030778478129378527,0.04368433265311681,-1.7958059278313057,1.0
hist_gbm,KO,21,0.05115128148901752,0.08708919801576662,-87.642060893527,1.0
hist_gbm,LLY,46,0.08421518012341464,0.09076948605448938,-8.098101330203,1.0
hist_gbm,LMT,46,0.02341287659033539,0.031212225263127513,-2.9574253518356817,1.0
hist_gbm,LOW,47,0.011321980788657753,0.015230239919734462,-1.7587927656363327,1.0
hist_gbm,MDLZ,46,0.029076863017595538,0.04522897910226459,-1.5065912998577953,1.0
hist_gbm,META,46,0.06775860638605001,0.07532956773021407,-10.237671999495435,1.0
hist_gbm,MO,46,0.018710936714307652,0.02297457183912648,0.8660437351522275,1.0
hist_gbm,MRK,30,0.04651351206305089,0.061432492563615534,-2.9189638374534255,1.0
hist_gbm,MSFT,46,0.02417068981634561,0.031075404568609147,-0.7282009978392352,1.0
hist_gbm,NEM,9,0.05535456657196312,0.06753126460779352,-51.10600710858233,1.0
hist_gbm,NFLX,46,0.058791824277096644,0.09698011867024092,-2.2141432913257937,1.0
hist_gbm,NKE,46,0.020804883654907184,0.025414594059784856,-2.8768146118306137,1.0
hist_gbm,NUE,12,0.10122736093787044,0.12139055619989031,-22.964001828127934,1.0
hist_gbm,NVDA,47,0.08486129069051263,0.1082690970022036,-2.091804261931282,1.0
hist_gbm,ORCL,6,0.1199478451252105,0.16781053779519284,-1.0092518608297998,1.0
hist_gbm,OXY,28,0.21655907891288534,0.24609882618037518,-109.2805303115913,1.0
hist_gbm,PEP,46,0.023461433994007044,0.029534844126447087,-18.07310941347212,1.0
hist_gbm,PFE,17,0.05757824254416797,0.07288323078161318,-0.3999359994184417,1.0
hist_gbm,PG,46,0.029357443862985163,0.0351427697466816,-5.4823446869064085,1.0
hist_gbm,PSA,21,0.06247396438093271,0.07801769024949087,-161.92524129379916,1.0
hist_gbm,RTX,25,0.023763763772061516,0.03488644669560619,-0.039688587937100506,1.0
hist_gbm,SBUX,14,0.07113836202926982,0.12117972542133931,-4.866069608265056,1.0
hist_gbm,SCCO,37,0.054169101186523454,0.073018521318048,0.1764443528847054,1.0
hist_gbm,SHW,46,0.03058292781037748,0.040121761188553,-1.1853199545943878,1.0
hist_gbm,SLB,14,0.21176019556494813,0.24336477023558958,0.27388841066875647,1.0
hist_gbm,TMO,13,0.051686610590783465,0.060716712258504876,-83.68625993289915,1.0
hist_gbm,TMUS,15,0.061882496468512585,0.06949316419388503,-9.924919231901066,1.0
hist_gbm,TSLA,46,0.03798802531665421,0.04735121372289786,-0.7732996075796335,1.0
hist_gbm,TTWO,46,0.10504831337645508,0.1361238664627272,-1.3739292055703434,1.0
hist_gbm,UNH,46,0.11821139091709278,0.14132087038179442,-33.1132842289216,1.0
hist_gbm,VLO,34,0.20207614911322616,0.23096386615757677,-60.82095341352445,0.9411764705882353
hist_gbm,VZ,14,0.19692478997686338,0.21457937298092136,-4.180147093225594,1.0
hist_gbm,WBD,20,0.07033589200872031,0.07524885848726681,-13.158055865808514,1.0
hist_gbm,WMT,47,0.02220631917896164,0.02815752195047185,-23.872149709123594,1.0
lightgbm,AAPL,38,0.031138377510853833,0.04622814920004427,-0.9032762189462882,1.0
lightgbm,ABBV,46,0.03571351528536332,0.04466317295229035,0.27033416961027534,1.0
lightgbm,ABT,46,0.03377779202666455,0.04527543642769362,-2.198668672394165,1.0
lightgbm,ADBE,43,0.03617799362801531,0.05882024555280735,-13.616089193279475,1.0
lightgbm,AMGN,46,0.038098348161119545,0.04705961931434149,0.07107038828481405,1.0
lightgbm,AMT,6,0.5102620455874631,0.5219714864949822,-16491.602106712115,1.0
lightgbm,AMZN,46,0.05010503056933966,0.06470656098321735,-0.294752341918725,1.0
lightgbm,APD,46,0.033287063062522694,0.047871142838551095,-5.290331716719829,1.0
lightgbm,BA,46,0.080823861804503,0.11889303804859278,-1.2259182197502017,0.782608695652174
lightgbm,BKNG,13,0.1142111335917946,0.11515799899650278,-18.662890225091928,1.0
lightgbm,BKR,13,0.10409291246407962,0.11829602889246245,-20.86828367063677,1.0
lightgbm,BMY,46,0.04646833968772648,0.05599117494022226,-2.034033267708404,1.0
lightgbm,C,9,0.2771797644641522,0.3320188047724216,-26.58459852679473,1.0
lightgbm,CAT,46,0.033201432465822155,0.04302169872766226,0.395571148559944,1.0
lightgbm,CCI,10,0.1753074367299578,0.18499029650089563,0.31514396041123505,1.0
lightgbm,CL,46,0.016919460911372718,0.020638161880160464,-2.67357045639235,1.0
lightgbm,COP,30,0.15116446199415326,0.17125176517393223,-3.186342269178594,1.0
lightgbm,COST,47,0.032573428160351976,0.04097122617280407,-51.410638853137016,1.0
lightgbm,CRM,47,0.025749096992786095,0.03124470495015456,-4.015701378564826,1.0
lightgbm,CSCO,43,0.02009256148410297,0.032604607050914274,-3.662890435164277,1.0
lightgbm,CVX,30,0.08420438822363184,0.09794132000123629,-17.167415570150034,1.0
lightgbm,DD,34,0.12473253250744909,0.19145956868970157,-0.819735958284695,1.0
lightgbm,DE,17,0.05432038814112085,0.08841448426784689,-97.33468707127427,1.0
lightgbm,DOW,30,0.07306739482553137,0.0910964351098182,-4.754477443490023,1.0
lightgbm,EA,46,0.06735916647531917,0.07947111256448494,-6.29322553023219,1.0
lightgbm,ECL,46,0.053863576925014194,0.059524827433497046,-3.7420581978034058,1.0
lightgbm,EQIX,46,0.05816611749669476,0.07305692187181238,-26.88190729926392,1.0
lightgbm,ETN,38,0.04459167065243404,0.05392202490697797,-3.957446434159423,1.0
lightgbm,F,46,0.046521874746997385,0.05857011894055018,-6.425416725768104,1.0
lightgbm,FCX,41,0.12849790237139683,0.20091042551307725,-0.8626703999435983,0.926829268292683
lightgbm,GE,40,0.1308763125553012,0.1608222393509971,-0.6228074428481716,1.0
lightgbm,GIS,32,0.023810050188853144,0.029696849881978658,-10.89366807107697,1.0
lightgbm,GM,15,0.06411738913928919,0.06972316444875483,-1.2151204586212385,1.0
lightgbm,GOOGL,42,0.05737245158078787,0.06793217952329667,-7.123593087542805,1.0
lightgbm,HAL,15,0.12383922730160196,0.12804037463205592,-60.560630966567636,1.0
lightgbm,HD,47,0.010922574572642358,0.013157216226284007,-12.987654152586233,1.0
lightgbm,HON,46,0.02092109853298147,0.029906173211651708,0.22380152688404842,1.0
lightgbm,INTC,27,0.06756306028259805,0.08587300887045933,0.4752805598829166,1.0
lightgbm,JNJ,25,0.04523378635749843,0.05545746836839284,-11.180784402836418,1.0
lightgbm,KMB,46,0.03226486706435829,0.04463218967469408,-1.9184482602037747,1.0
lightgbm,KO,21,0.05165700933629396,0.08764494666483309,-88.77698666079827,1.0
lightgbm,LLY,46,0.07336044498809467,0.0798725608185333,-6.044760515979797,1.0
lightgbm,LMT,46,0.022870165470112055,0.031953022979997865,-3.1475074025844947,1.0
lightgbm,LOW,47,0.011152430762520404,0.015049189124538656,-1.6935918481066916,1.0
lightgbm,MDLZ,46,0.02808579050920557,0.04191496501401313,-1.1527231134759166,1.0
lightgbm,META,46,0.07235389566169073,0.07669612706102127,-10.649097200620387,1.0
lightgbm,MO,46,0.01576263406012168,0.020811957500253456,0.8900756168613118,1.0
lightgbm,MRK,30,0.040344832292822125,0.056822462003409395,-2.3528573492033478,1.0
lightgbm,MSFT,46,0.02168074582027208,0.0271857629941335,-0.3226463005366973,1.0
lightgbm,NEM,9,0.03213044517077288,0.042041488394252625,-19.194550704478946,1.0
lightgbm,NFLX,46,0.05620777295056231,0.09438500017606798,-2.044428464976541,1.0
lightgbm,NKE,46,0.018684383414039222,0.022204451524961484,-1.959298536515739,1.0
lightgbm,NUE,12,0.08528394884991923,0.09817153609746829,-14.673309670080789,1.0
lightgbm,NVDA,47,0.0659173262353568,0.0901811417740316,-1.1450351900941653,1.0
lightgbm,ORCL,6,0.11349517483556042,0.1641551816988258,-0.9226716078155268,1.0
lightgbm,OXY,28,0.19287501263267504,0.22262952115628373,-89.24959585244882,1.0
lightgbm,PEP,46,0.026192377781628223,0.030949389482501637,-19.943839767972086,1.0
lightgbm,PFE,17,0.057987992711693324,0.0735969778696988,-0.4274894661718498,1.0
lightgbm,PG,46,0.031092791926735107,0.03877245989793014,-6.890542383523471,1.0
lightgbm,PSA,21,0.05531009456067547,0.07490977656773343,-149.20320475649999,1.0
lightgbm,RTX,25,0.02231802916858827,0.0314096428222423,0.15721693941342862,1.0
lightgbm,SBUX,14,0.08434554383725328,0.12989572348494907,-5.740265289975856,1.0
lightgbm,SCCO,37,0.06352926880609276,0.0906361024668681,-0.26890563245187793,1.0
lightgbm,SHW,46,0.028110141107690386,0.03376895891961424,-0.5480692983872868,1.0
lightgbm,SLB,14,0.20414031321240264,0.23827490356483128,0.3039434021542575,1.0
lightgbm,TMO,13,0.05079036203221288,0.06248250029371871,-88.68364668297997,1.0
lightgbm,TMUS,15,0.05626684638872113,0.062016209971492084,-7.700505874141742,1.0
lightgbm,TSLA,46,0.04255589632780836,0.05264801616769411,-1.1922188580199586,1.0
lightgbm,TTWO,46,0.10050886002872335,0.13077867692884818,-1.1911549462906263,1.0
lightgbm,UNH,46,0.11228398492827936,0.13530171818077036,-30.269256071822777,1.0
lightgbm,VLO,34,0.2182678768520775,0.24166461666596048,-66.68208870641814,0.9411764705882353
lightgbm,VZ,14,0.1960720677787104,0.2166486603784357,-4.280537900542808,1.0
lightgbm,WBD,20,0.05908002082856798,0.06392324150873158,-9.216952369181536,1.0
lightgbm,WMT,47,0.017632201426349334,0.02181212176120989,-13.92520438953195,1.0
random_forest,AAPL,38,0.03874323640831372,0.046630409274374285,-0.9365435282145458,1.0
random_forest,ABBV,46,0.08428346258339096,0.0985961154387462,-2.555858516530086,1.0
random_forest,ABT,46,0.03184092152969477,0.04320336976622381,-1.912589036961665,1.0
random_forest,ADBE,43,0.14505738724225678,0.1494607456570472,-93.36953333475682,1.0
random_forest,AMGN,46,0.062035771398682334,0.06899778343962212,-0.9968997670299367,1.0
random_forest,AMT,6,0.4380844556270231,0.4399604236503366,-11716.173086079376,1.0
random_forest,AMZN,46,0.027432384050699046,0.03365453240744726,0.6497507694990727,1.0
random_forest,APD,46,0.08332618728540753,0.09397779620627615,-23.242447855580018,1.0
random_forest,BA,46,0.15410802012381603,0.18175131751648324,-4.201774131037862,0.8043478260869565
random_forest,BKNG,13,0.28209512737827314,0.28520849796354547,-119.61020557752371,1.0
random_forest,BKR,13,0.2197540820063081,0.22337341740106073,-76.97176120498372,1.0
random_forest,BMY,46,0.11113598370605388,0.12201196471715105,-13.407413387134639,1.0
random_forest,C,9,0.3356003263330768,0.3459062461412595,-28.940435452352247,1.0
random_forest,CAT,46,0.03698365311112197,0.043308962812563814,0.38747242681271876,1.0
random_forest,CCI,10,0.2078784552877475,0.22824835831238552,-0.04259759352296588,1.0
random_forest,CL,46,0.05918532303301301,0.06211731917169823,-32.27911383494401,1.0
random_forest,COP,30,0.08660394302373585,0.09502593976529662,-0.2889882721748933,1.0
random_forest,COST,47,0.12067173122814721,0.12431023662114708,-481.4755575152496,1.0
random_forest,CRM,47,0.05925604086478628,0.06759598845462614,-22.475814127725695,1.0
random_forest,CSCO,43,0.024382017282457577,0.03358912114878382,-3.948739023450618,1.0
random_forest,CVX,30,0.0417751978206843,0.0497603130326945,-3.689509848340327,1.0
random_forest,DD,34,0.08702327487037234,0.14499778666959073,-0.043703092720708714,1.0
random_forest,DE,17,0.09832743407371165,0.106408543240559,-141.43374698987023,1.0
random_forest,DOW,30,0.17037598082885974,0.17912592884901818,-21.24948888915835,1.0
random_forest,EA,46,0.11768358557369239,0.12697667422962594,-17.618682807757178,1.0
random_forest,ECL,46,0.05867450043832669,0.06658436383362278,-4.933556730956861,1.0
random_forest,EQIX,46,0.0653545239243524,0.0699687406053373,-24.574541287270527,1.0
random_forest,ETN,38,0.04885958185001796,0.054241900030016624,-4.01643781322697,1.0
random_forest,F,46,0.1415963331319762,0.14456334029928147,-44.236080586444416,1.0
random_forest,FCX,41,0.18525768650686228,0.24189399154852168,-1.700108575687712,0.926829268292683
random_forest,GE,40,0.12118313908239513,0.14090950466610466,-0.24582016794615003,1.0
random_forest,GIS,32,0.04505705398984636,0.053864516175242336,-38.12916436715656,1.0
random_forest,GM,15,0.07331984214726552,0.08822146644008672,-2.546432625873543,1.0
random_forest,GOOGL,42,0.03669243238684808,0.04534520294893634,-2.619593203539755,1.0
random_forest,HAL,15,0.23265822535494943,0.23368151875357962,-204.0491263658057,1.0
random_forest,HD,47,0.015051152430095483,0.019062988652153078,-28.36289286420068,1.0
random_forest,HON,46,0.027464759570781094,0.03443957127752917,-0.029358294443413202,1.0
random_forest,INTC,27,0.04785570447053738,0.06863133209731638,0.6648350075654694,1.0
random_forest,JNJ,25,0.07345373044481156,0.07947886148628594,-24.018337717275063,1.0
random_forest,KMB,46,0.05325710962144377,0.06116634725672415,-4.481263776005223,1.0
random_forest,KO,21,0.05985424735012308,0.07151089497976548,-58.766206216640214,1.0
random_forest,LLY,46,0.14948220834168166,0.1548758461580901,-25.487343328443263,1.0
random_forest,LMT,46,0.10787303684715885,0.11385488728576361,-51.658274213797725,1.0
random_forest,LOW,47,0.014624509826729214,0.01892557093021239,-3.2599408462972956,1.0
random_forest,MDLZ,46,0.03881389667799127,0.054355621567743054,-2.620252736759561,1.0
random_forest,META,46,0.1493205371103763,0.15537813699708747,-46.810713086246174,1.0
random_forest,MO,46,0.04665808298803189,0.05397506358184735,0.2606424677184518,1.0
random_forest,MRK,30,0.0980299755562551,0.10174254550875804,-9.74929992589793,1.0
random_forest,MSFT,46,0.015241905525572119,0.01994103571856093,0.2883669795357976,1.0
random_forest,NEM,9,0.12283449554958634,0.1262151312266236,-181.0123578548813,1.0
random_forest,NFLX,46,0.07169179494777142,0.08734017800232251,-1.6069215210404804,1.0
random_forest,NKE,46,0.017108633751836994,0.020988371120560415,-1.64402860262061,1.0
random_forest,NUE,12,0.15670505541090568,0.16666590657212182,-44.17343122299679,1.0
random_forest,NVDA,47,0.0698707008483909,0.09036997088261382,-1.1540275167411065,1.0
random_forest,ORCL,6,0.11521343400535043,0.1678698008836834,-1.010671265096664,1.0
random_forest,OXY,28,0.33618194287520187,0.3411905111215977,-210.96963416790268,1.0
random_forest,PEP,46,0.06270257196437476,0.06579783661914115,-93.66193179104492,1.0
random_forest,PFE,17,0.16455099243326093,0.17662100085927598,-7.221245795004577,1.0
random_forest,PG,46,0.02149207974570221,0.02844565783252479,-3.2470963095486463,1.0
random_forest,PSA,21,0.07303136473544403,0.07968995950608156,-168.98453352920853,1.0
random_forest,RTX,25,0.040425463298908976,0.05536264617479771,-1.618324577196538,1.0
random_forest,SBUX,14,0.09115128117347211,0.12369027303683044,-5.111648663981587,1.0
random_forest,SCCO,37,0.07709801634826197,0.09110902785749164,-0.2821820925982421,1.0
random_forest,SHW,46,0.02880717777696435,0.03778027090769717,-0.9376939786754277,1.0
random_forest,SLB,14,0.274857219539144,0.2899909132651458,-0.03099540318800309,1.0
random_forest,TMO,13,0.11038390906349439,0.11159992028733276,-285.10419655737144,1.0
random_forest,TMUS,15,0.15271605795392726,0.15487155537227196,-53.25969917591707,1.0
random_forest,TSLA,46,0.12223436553722596,0.1276990443489196,-11.897192480288137,1.0
random_forest,TTWO,46,0.08902471707759288,0.11510599384443047,-0.697442566785514,1.0
random_forest,UNH,46,0.24714075477183575,0.254367741783494,-109.51850322615265,1.0
random_forest,VLO,34,0.3102731937819441,0.31435174556964696,-113.51948063480738,0.9411764705882353
random_forest,VZ,14,0.20319307633499825,0.22684115716460704,-4.7890840663268825,1.0
random_forest,WBD,20,0.0233372951072919,0.030590832370505618,-1.3398411678505493,1.0
random_forest,WMT,47,0.06628186371463267,0.06910956055988099,-148.83067062738454,1.0
ridge,AAPL,38,0.09340539541127138,0.1104060087777457,-9.856109848847675,1.0
ridge,ABBV,46,0.06690319825572258,0.08367058253489472,-1.560769264857783,1.0
ridge,ABT,46,0.11534132795833708,0.133707102224231,-26.89670561494185,1.0
ridge,ADBE,43,0.09600404417064203,0.11557251337910139,-55.426957536877026,1.0
ridge,AMGN,46,0.10270599769041949,0.11538121183847935,-4.584138482087977,1.0
ridge,AMT,6,0.6640857051899044,0.8067348878618351,-39395.4690722349,1.0
ridge,AMZN,46,0.06417893528816401,0.07962456745680528,-0.960578520387684,1.0
ridge,APD,46,0.07607328014182181,0.0940436266534183,-23.276422904985353,1.0
ridge,BA,46,0.06425175111538073,0.08709689860515249,-0.19454285899862822,0.7391304347826086
ridge,BKNG,13,0.22566821123792352,0.23093860808849181,-78.07737105016425,1.0
ridge,BKR,13,0.20505955520070335,0.2199599313645427,-74.60691501745897,1.0
ridge,BMY,46,0.1110156531564923,0.12838016543337114,-14.950600523797915,1.0
ridge,C,9,0.25199885973625746,0.3160605411696313,-23.996653067968644,1.0
ridge,CAT,46,0.05259601814983459,0.06445919162100298,-0.35687483089143246,1.0
ridge,CCI,10,0.8147128571368295,1.0437366982576655,-20.801345653082723,1.0
ridge,CL,46,0.07618123151064558,0.08735164308511129,-64.80948640000112,1.0
ridge,COP,30,0.09037934920163221,0.10533279280590509,-0.5837689267556356,1.0
ridge,COST,47,0.14422583404453782,0.15478179984579596,-746.999513307512,1.0
ridge,CRM,47,0.051997292092596174,0.06198290248684664,-18.73888580043199,1.0
ridge,CSCO,43,0.0405664332899034,0.05219622584235684,-10.950208235392765,1.0
ridge,CVX,30,0.11217679379546724,0.12296622003243063,-27.637354186467558,1.0
ridge,DD,34,0.1279543237008245,0.18390900712303565,-0.6790368353625802,1.0
ridge,DE,17,0.04690427507896811,0.061070983450539594,-45.916945670223186,1.0
ridge,DOW,30,0.10433350248103586,0.12901214602463332,-10.54155503995223,1.0
ridge,EA,46,0.07299859558696783,0.0934636411370775,-9.087567409559536,1.0
ridge,ECL,46,0.04662650346099011,0.056903876921137166,-3.3336546792922688,1.0
ridge,EQIX,46,0.05000751175438843,0.06465875397636238,-20.840088871415368,1.0
ridge,ETN,38,0.04662651470067644,0.061085845723217784,-5.362192815790592,1.0
ridge,F,46,0.19820027501948437,0.20924898461266345,-93.7753372489373,1.0
ridge,FCX,41,0.11336034903892725,0.16484023768890563,-0.2538844900487014,0.926829268292683
ridge,GE,40,0.1762485005300069,0.4017816743988945,-9.128730815340875,1.0
ridge,GIS,32,0.0546953489385874,0.07319235500394848,-71.24810973281785,1.0
ridge,GM,15,0.12778291686477738,0.13728528400607928,-7.587982320727226,1.0
ridge,GOOGL,42,0.05778002361031227,0.06809987829284572,-7.163750729943075,1.0
ridge,HAL,15,0.2866062986538718,0.2998890125085169,-336.6994073213632,1.0
ridge,HD,47,0.05813080264312601,0.07889623232287905,-501.9553010747565,1.0
ridge,HON,46,0.04683659992825899,0.06063843904345145,-2.1911492873061253,1.0
ridge,INTC,27,0.08323293659302669,0.11195196233203344,0.10817998506510407,1.0
ridge,JNJ,25,0.05679237525838206,0.06618569801998579,-16.349360966102196,1.0
ridge,KMB,46,0.06080870413237184,0.0732138750143778,-6.853122956156296,1.0
ridge,KO,21,0.13887393265516287,0.1515499855504547,-267.425061179645,1.0
ridge,LLY,46,0.09722274531393721,0.11453543050185577,-13.486074743344725,1.0
ridge,LMT,46,0.09066937660387761,0.12703198063671947,-64.55252206328478,0.9782608695652174
ridge,LOW,47,0.055056749734795775,0.07188913853971955,-60.465603169944096,1.0
ridge,MDLZ,46,0.045893340347324514,0.0626250548719625,-3.8055842616055813,1.0
ridge,META,46,0.18648311782675628,0.19669515098943297,-75.61833474983516,1.0
ridge,MO,46,0.05059555396457211,0.06875544114325498,-0.19972669459809644,1.0
ridge,MRK,30,0.09844663575451028,0.11002115443655427,-11.569771350658776,1.0
ridge,MSFT,46,0.06705469161035918,0.07879350912137856,-10.11070338704284,1.0
ridge,NEM,9,0.07261427950842925,0.08392005793980098,-79.46547501876887,1.0
ridge,NFLX,46,0.1529370880862347,0.15997404197278298,-7.745786031327347,1.0
ridge,NKE,46,0.04964361040491625,0.06883166867799784,-27.43709806625971,1.0
ridge,NUE,12,0.08436837773440581,0.1016600064947521,-15.806984812806782,1.0
ridge,NVDA,47,0.05432379079121812,0.06486938253903543,-0.10989652186407328,1.0
ridge,ORCL,6,0.16502503277563538,0.22276958946782424,-2.5408516350998043,1.0
ridge,OXY,28,0.365581288862544,0.3830863385953969,-266.22254186023434,1.0
ridge,PEP,46,0.05625685311186645,0.07058685125713977,-107.94310585229047,1.0
ridge,PFE,17,0.19616974277188373,0.2072039485611173,-10.314855298769762,1.0
ridge,PG,46,0.07748151235301595,0.08870906151309357,-40.304380749213195,1.0
ridge,PSA,21,0.07932292326526545,0.09532518608064222,-242.2302123411817,1.0
ridge,RTX,25,0.04164998222143962,0.04957441595479839,-1.0994474820423066,1.0
ridge,SBUX,14,0.19725698494130994,0.21748604362211232,-17.895138070574713,1.0
ridge,SCCO,37,0.13509745518726007,0.16480312703868596,-3.1952493377653246,1.0
ridge,SHW,46,0.052534605498715005,0.06522263830892502,-4.7749972130914475,1.0
ridge,SLB,14,0.2748649662591613,0.3086854580492846,-0.16820830900587502,1.0
ridge,TMO,13,0.2268636751000594,0.23329230202860077,-1249.2511894551178,1.0
ridge,TMUS,15,0.18272350003131338,0.19409881467487464,-84.22751546230748,1.0
ridge,TSLA,46,0.06086637604082859,0.07863724329156961,-3.8907610849794345,1.0
ridge,TTWO,46,0.09837275471688532,0.13887005214687256,-1.470679478618385,1.0
ridge,UNH,46,0.30259389552156674,0.30852331524641746,-161.58740689355437,1.0
ridge,VLO,34,0.24867624192069496,0.2712789776675757,-84.28642247794907,0.9411764705882353
ridge,VZ,14,0.17255489661087764,0.19040676458178799,-3.0787857669013636,1.0
ridge,WBD,20,0.044799318716006106,0.0588511889705687,-7.659927816207329,1.0
ridge,WMT,47,0.08124471375306258,0.0916222516016868,-262.34579069543,1.0
xgboost,AAPL,38,0.034217279438019395,0.054291502423199696,-1.625140359614484,1.0
xgboost,ABBV,46,0.032089082486757854,0.041149982764683665,0.3806100154342382,1.0
xgboost,ABT,46,0.03387433852294566,0.04429847338879825,-2.0621149224580626,1.0
xgboost,ADBE,43,0.034883608735696334,0.060674072409275914,-14.551912683961614,1.0
xgboost,AMGN,46,0.036122537104677215,0.047778950264820104,0.042454994291282744,1.0
xgboost,AMT,6,0.5519246464404373,0.5701675262669607,-19677.889148333463,1.0
xgboost,AMZN,46,0.05488337669936893,0.06986294715519539,-0.5093288473461373,1.0
xgboost,APD,46,0.03117777324831197,0.047279798360530055,-5.135884676037907,1.0
xgboost,BA,46,0.08107098951645166,0.12218509613911559,-1.3508927942178888,0.7608695652173914
xgboost,BKNG,13,0.09793016033243725,0.09867017241786913,-13.435469351976774,1.0
xgboost,BKR,13,0.10452556979097662,0.11520739470410946,-19.741257258788508,1.0
xgboost,BMY,46,0.04423663748243649,0.053465912627840534,-1.7665284783279263,1.0
xgboost,C,9,0.24641977692970382,0.3005056077793404,-21.59677522153324,1.0
xgboost,CAT,46,0.029674443089254324,0.040100777522120025,0.4748593180252637,1.0
xgboost,CCI,10,0.1713643258936299,0.17740992360707472,0.3701208817247481,1.0
xgboost,CL,46,0.015829151868281034,0.020021427773878695,-2.4572949677099762,1.0
xgboost,COP,30,0.14426879576785842,0.1625211625151481,-2.7703742415580686,1.0
xgboost,COST,47,0.027731767550701756,0.03926142161478664,-47.127529864750144,1.0
xgboost,CRM,47,0.024361228737821334,0.028571476428819013,-3.194152160403669,1.0
xgboost,CSCO,43,0.018087649780849813,0.02834979731957367,-2.5253089747239987,1.0
xgboost,CVX,30,0.07675451434192304,0.0950723183282283,-16.11864608295018,1.0
xgboost,DD,34,0.1106293737885211,0.18580012173567648,-0.7137450479787151,1.0
xgboost,DE,17,0.05530353564313505,0.09394170129188942,-110.01374309128212,1.0
xgboost,DOW,30,0.07506978751383273,0.0923036396736158,-4.908003998574465,1.0
xgboost,EA,46,0.06552800831157894,0.0776022161556544,-5.954234088116567,1.0
xgboost,ECL,46,0.05277443109580775,0.05789923565899052,-3.486588622298899,1.0
xgboost,EQIX,46,0.04914790673204585,0.060789377688884476,-18.304347814920753,1.0
xgboost,ETN,38,0.035016816913356175,0.049159669099481794,-3.120439547199,1.0
xgboost,F,46,0.03938024291035546,0.05252740360886841,-4.972284514497064,1.0
xgboost,FCX,41,0.1169001187149684,0.18397151806132905,-0.5618245683602101,0.926829268292683
xgboost,GE,40,0.13136060848376002,0.1586190893464114,-0.5786493862283677,1.0
xgboost,GIS,32,0.01867987515212538,0.024139272837626825,-6.858567967631729,1.0
xgboost,GM,15,0.08129718247885952,0.09555639563877721,-3.1606644158008335,1.0
xgboost,GOOGL,42,0.04904177853362416,0.06021353702107917,-5.382419444188604,1.0
xgboost,HAL,15,0.10482969172156485,0.11041620390886919,-44.779897326570925,1.0
xgboost,HD,47,0.010099150032355775,0.013510214749445804,-13.748279738175485,1.0
xgboost,HON,46,0.020481206671746244,0.030387883397048544,0.19859509175784562,1.0
xgboost,INTC,27,0.06520834328225449,0.08464990258419187,0.49012147671562245,1.0
xgboost,JNJ,25,0.049396623596229955,0.05973840567743398,-13.13391358200696,1.0
xgboost,KMB,46,0.028910530461280302,0.04199594820798482,-1.5838684146742907,1.0
xgboost,KO,21,0.05372069351700738,0.09162325589841241,-97.11212983122093,1.0
xgboost,LLY,46,0.06934904856761498,0.0779015703441501,-5.701367593985878,1.0
xgboost,LMT,46,0.01933103751946311,0.025099433299384796,-1.5591226364924102,1.0
xgboost,LOW,47,0.014553301966004597,0.01924574453963625,-3.40529526809342,1.0
xgboost,MDLZ,46,0.0281165678055248,0.04351747480776173,-1.3204773356057475,1.0
xgboost,META,46,0.06999792690855268,0.07661616989196485,-10.62482105125604,1.0
xgboost,MO,46,0.018483024760775228,0.02325090922787324,0.8628019124041848,1.0
xgboost,MRK,30,0.039537167481297535,0.04643347337510926,-1.2389135543024228,1.0
xgboost,MSFT,46,0.022437381638668437,0.029911260163173043,-0.6011428830508407,1.0
xgboost,NEM,9,0.02937806877792705,0.0360148853491311,-13.819791804603634,1.0
xgboost,NFLX,46,0.057292092223851634,0.09592610763780471,-2.1446582669897283,1.0
xgboost,NKE,46,0.018313652516076216,0.02357913473444919,-2.3370630125814826,1.0
xgboost,NUE,12,0.08129828334430952,0.08765070146379922,-11.493966397155702,1.0
xgboost,NVDA,47,0.061440933367511996,0.088048331533449,-1.0447735733986367,1.0
xgboost,ORCL,6,0.11510465123014811,0.16652939604667313,-0.9786898900096206,1.0
xgboost,OXY,28,0.1723131042772055,0.1900761126219313,-64.78620651344909,1.0
xgboost,PEP,46,0.019389616131463772,0.024456560727414645,-12.078047187581838,1.0
xgboost,PFE,17,0.07412623916721704,0.09194203455365332,-1.2278254945499536,1.0
xgboost,PG,46,0.026485607941374223,0.03278022180320038,-4.640062566265461,1.0
xgboost,PSA,21,0.05607353346370709,0.07237020432862373,-139.19153568935414,1.0
xgboost,RTX,25,0.02746078435920181,0.04528041790360479,-0.7515020710169513,1.0
xgboost,SBUX,14,0.08171135765699712,0.12943608796491948,-5.69264887871069,1.0
xgboost,SCCO,37,0.0648617953916895,0.0876661874037892,-0.18711043004242,1.0
xgboost,SHW,46,0.027417410439115754,0.0356153644962505,-0.721986890944958,1.0
xgboost,SLB,14,0.18182572597884264,0.210781372182516,0.45530623449511864,1.0
xgboost,TMO,13,0.02951598403924576,0.035551338073979,-28.03409956391079,1.0
xgboost,TMUS,15,0.05179138883160967,0.05912805512144392,-6.908994070444285,1.0
xgboost,TSLA,46,0.03674646851073487,0.045002710528418914,-0.6017592163454413,1.0
xgboost,TTWO,46,0.10203671495734602,0.13026701714895292,-1.1740430939320525,1.0
xgboost,UNH,46,0.09264462762219479,0.10226213188935153,-16.862432899851154,1.0
xgboost,VLO,34,0.20305658496075385,0.22919989244034777,-59.88025125877696,0.9411764705882353
xgboost,VZ,14,0.18269701902126087,0.20337191229813514,-3.6531611424938664,1.0
xgboost,WBD,20,0.05677782607121552,0.06115809339986091,-8.35215433212734,1.0
xgboost,WMT,47,0.018407655903428258,0.02397879293970904,-17.0376142721759,1.0
