model_family,feature_set,scope,n,mae,rmse,r2,directional_accuracy,prev_rmse,prev_r2,rmse_redux_vs_prev_pct,r2_gain_vs_prev
elasticnet,M0_baseline,ALL,4526,0.19654086759216746,0.3635633010067103,-0.002339769991898555,0.6862571807335396,,,,
elasticnet,M1_macro,ALL,4526,0.2060354787071861,0.36606528514894043,-0.01618312256466381,0.6564295183384887,0.3635633010067103,-0.002339769991898555,-0.6881839105603098,-0.013843352572765255
elasticnet,M2_sector,ALL,4526,0.22189772875997202,1.2390599924590435,-10.642320618286073,0.6685815289438798,0.36606528514894043,-0.01618312256466381,-238.48060516170196,-10.626137495721409
elasticnet,M3_company,ALL,4526,0.1971989342705777,0.3631534532576915,-8.115288425125655e-05,0.678082191780822,1.2390599924590435,-10.642320618286073,70.69121305926636,10.642239465401822
elasticnet,M4_idio_vol,ALL,4526,0.19457930644422064,0.36119255701333264,0.010689835892955135,0.6813963764913831,0.3631534532576915,-8.115288425125655e-05,0.5399635406929247,0.010770988777206392
elasticnet,M5_text,ALL,4526,0.1947285295695442,0.3614208034835377,0.00943910192920161,0.6864781263809103,0.36119255701333264,0.010689835892955135,-0.06319246224020596,-0.0012507339637535253
elasticnet,M0_baseline,Communication Services,460,0.19605066018884765,0.3916899671133488,-0.0060498268363169405,0.75,,,,
elasticnet,M1_macro,Communication Services,460,0.20832023848777237,0.39546417768318126,-0.02553124232149373,0.7478260869565218,0.3916899671133488,-0.0060498268363169405,-0.9635709072783738,-0.01948141548517679
elasticnet,M2_sector,Communication Services,460,0.20841774293670473,0.39674165808435025,-0.03216755559187723,0.75,0.39546417768318126,-0.02553124232149373,-0.3230331527505417,-0.006636313270383498
elasticnet,M3_company,Communication Services,460,0.21478349772346167,0.4044400274768917,-0.07261251042848382,0.7043478260869566,0.39674165808435025,-0.03216755559187723,-1.9403985529809666,-0.040444954836606595
elasticnet,M4_idio_vol,Communication Services,460,0.2102436742678753,0.4009408976396684,-0.05413276464429129,0.7130434782608696,0.4044400274768917,-0.07261251042848382,0.8651789139301275,0.018479745784192536
elasticnet,M5_text,Communication Services,460,0.20960873158906887,0.40036368416036655,-0.0510997906540227,0.7195652173913043,0.4009408976396684,-0.05413276464429129,0.14396472963967666,0.0030329739902685837
elasticnet,M0_baseline,Consumer Discretionary,486,0.21401897631533393,0.4165130448682281,-0.012293265981159207,0.7530864197530864,,,,
elasticnet,M1_macro,Consumer Discretionary,486,0.22787393227754008,0.4192460279778214,-0.0256213333708315,0.7242798353909465,0.4165130448682281,-0.012293265981159207,-0.6561578666660807,-0.013328067389672293
elasticnet,M2_sector,Consumer Discretionary,486,0.2280076792438215,0.4179059354458422,-0.019075149201694508,0.7325102880658436,0.4192460279778214,-0.0256213333708315,0.3196434653043607,0.006546184169136993
elasticnet,M3_company,Consumer Discretionary,486,0.2061121798493916,0.399689526699036,0.06783097208275013,0.7448559670781894,0.4179059354458422,-0.019075149201694508,4.358973443957441,0.08690612128444464
elasticnet,M4_idio_vol,Consumer Discretionary,486,0.20530362020886583,0.40139063957322796,0.05987930400873065,0.7551440329218106,0.399689526699036,0.06783097208275013,-0.4256085687911643,-0.00795166807401948
elasticnet,M5_text,Consumer Discretionary,486,0.20561957387445212,0.4020353911439923,0.056856656947439355,0.7530864197530864,0.40139063957322796,0.05987930400873065,-0.16062944852173067,-0.003022647061291295
elasticnet,M0_baseline,Consumer Staples,440,0.10000203576635243,0.15654347248477005,-0.2257635178866153,0.6409090909090909,,,,
elasticnet,M1_macro,Consumer Staples,440,0.11288834622576406,0.1647857893600389,-0.35823925610061247,0.5818181818181818,0.15654347248477005,-0.2257635178866153,-5.265193587724166,-0.13247573821399716
elasticnet,M2_sector,Consumer Staples,440,0.11575748469009688,0.17392940348080832,-0.5131527794718378,0.575,0.1647857893600389,-0.35823925610061247,-5.548788009135679,-0.15491352337122533
elasticnet,M3_company,Consumer Staples,440,0.09855520038763753,0.1661039493397132,-0.38005591222621926,0.5795454545454546,0.17392940348080832,-0.5131527794718378,4.499212890107216,0.13309686724561853
elasticnet,M4_idio_vol,Consumer Staples,440,0.09820302932010143,0.16279435088716748,-0.32560894438868737,0.5727272727272728,0.1661039493397132,-0.38005591222621926,1.9924863109527764,0.05444696783753189
elasticnet,M5_text,Consumer Staples,440,0.09913632869757266,0.16350222184546664,-0.33716217313380437,0.5795454545454546,0.16279435088716748,-0.32560894438868737,-0.43482525925594673,-0.011553228745116995
elasticnet,M0_baseline,Energy,437,0.3454933928820442,0.5163521850155799,-0.002969092841799137,0.5102974828375286,,,,
elasticnet,M1_macro,Energy,437,0.3382742287532478,0.5118692774243311,0.014370622488110496,0.494279176201373,0.5163521850155799,-0.002969092841799137,0.8681879773808927,0.017339715329909633
elasticnet,M2_sector,Energy,437,0.3060281256803474,0.4887171672390742,0.10151526799286692,0.6224256292906178,0.5118692774243311,0.014370622488110496,4.52305133485559,0.08714464550475642
elasticnet,M3_company,Energy,437,0.2943381365473555,0.48437062893134925,0.11742603255704731,0.6819221967963387,0.4887171672390742,0.10151526799286692,0.8893770464991045,0.01591076456418039
elasticnet,M4_idio_vol,Energy,437,0.2887702825746871,0.48073733176384575,0.13061686883725532,0.6887871853546911,0.48437062893134925,0.11742603255704731,0.7501068294581595,0.013190836280208007
elasticnet,M5_text,Energy,437,0.289307577717388,0.48094249826218854,0.12987464915726632,0.6864988558352403,0.48073733176384575,0.13061686883725532,-0.042677463302054304,-0.000742219679988998
elasticnet,M0_baseline,Financials,491,0.14908070593666956,0.26218786635638275,-0.03116183330128286,0.6639511201629328,,,,
elasticnet,M1_macro,Financials,491,0.16337935156307765,0.27620361097235635,-0.14435390358208489,0.6415478615071283,0.26218786635638275,-0.03116183330128286,-5.34568773557297,-0.11319207028080203
elasticnet,M2_sector,Financials,491,0.16176780216798775,0.27525345979300037,-0.13649420171757587,0.6191446028513238,0.27620361097235635,-0.14435390358208489,0.3440038948118893,0.007859701864509017
elasticnet,M3_company,Financials,491,0.15189972004527003,0.27062341215532754,-0.09858175570171013,0.594704684317719,0.27525345979300037,-0.13649420171757587,1.6821033389207087,0.03791244601586574
elasticnet,M4_idio_vol,Financials,491,0.1476565290564792,0.2666096036807116,-0.06623572522705445,0.5987780040733197,0.27062341215532754,-0.09858175570171013,1.4831711870930577,0.032346030474655674
elasticnet,M5_text,Financials,491,0.14764168617484782,0.26664994764954225,-0.06655844004995437,0.6069246435845214,0.2666096036807116,-0.06623572522705445,-0.015132226399068699,-0.0003227148228999166
elasticnet,M0_baseline,Health Care,427,0.1603555515040409,0.32668691622392065,-0.00855323001157271,0.7564402810304449,,,,
elasticnet,M1_macro,Health Care,427,0.172904119888768,0.3274663926701645,-0.01337179677645639,0.7096018735362998,0.32668691622392065,-0.00855323001157271,-0.23860044817636503,-0.0048185667648836805
elasticnet,M2_sector,Health Care,427,0.17745619329389067,0.3361293045218237,-0.06769717998867497,0.7213114754098361,0.3274663926701645,-0.01337179677645639,-2.645435392933535,-0.05432538321221858
elasticnet,M3_company,Health Care,427,0.1774441629604839,0.3379016106939875,-0.07898613931266318,0.6932084309133489,0.3361293045218237,-0.06769717998867497,-0.5272691634801258,-0.011288959323988212
elasticnet,M4_idio_vol,Health Care,427,0.17461033866225836,0.33535991863377224,-0.06281494582788283,0.7072599531615925,0.3379016106939875,-0.07898613931266318,0.752198859009608,0.016171193484780355
elasticnet,M5_text,Health Care,427,0.17435716062209042,0.3351150646561332,-0.06126354119694288,0.711943793911007,0.33535991863377224,-0.06281494582788283,0.07301229635208908,0.0015514046309399454
elasticnet,M0_baseline,Industrials,490,0.15695721703662832,0.27324825307462136,-0.055411136295775876,0.6061224489795919,,,,
elasticnet,M1_macro,Industrials,490,0.16603468140224778,0.27745165508423936,-0.08813185360192355,0.5693877551020409,0.27324825307462136,-0.055411136295775876,-1.5383088317384737,-0.03272071730614767
elasticnet,M2_sector,Industrials,490,0.1675871359617661,0.28187872293716904,-0.12313374150999379,0.5795918367346938,0.27745165508423936,-0.08813185360192355,-1.595617748823859,-0.03500188790807024
elasticnet,M3_company,Industrials,490,0.16051534315133575,0.2820365944680777,-0.12439215856603503,0.6020408163265306,0.28187872293716904,-0.12313374150999379,-0.05600689873420197,-0.0012584170560412389
elasticnet,M4_idio_vol,Industrials,490,0.16035132336097407,0.2820366594748933,-0.12439267688999411,0.6040816326530613,0.2820365944680777,-0.12439215856603503,-2.304907124544693e-05,-5.183239590866862e-07
elasticnet,M5_text,Industrials,490,0.15983935279794553,0.28224321862232593,-0.1260402544961281,0.6183673469387755,0.2820366594748933,-0.12439267688999411,-0.07323840376538159,-0.0016475776061339875
elasticnet,M0_baseline,Materials,394,0.22331965873373147,0.37464551915687055,-0.012311679505239814,0.5786802030456852,,,,
elasticnet,M1_macro,Materials,394,0.232298663032492,0.37839687539167643,-0.03268589504150854,0.5558375634517766,0.37464551915687055,-0.012311679505239814,-1.0013081814639622,-0.020374215536268725
elasticnet,M2_sector,Materials,394,0.42941108546061263,4.030149570422273,-116.14277041327112,0.5558375634517766,0.37839687539167643,-0.03268589504150854,-965.0588925319978,-116.11008451822961
elasticnet,M3_company,Materials,394,0.22217045201759564,0.3840031465045085,-0.06351281665736663,0.6294416243654822,4.030149570422273,-116.14277041327112,90.47173957704321,116.07925759661376
elasticnet,M4_idio_vol,Materials,394,0.21945301176535,0.3830921023776132,-0.05847245304336801,0.616751269035533,0.3840031465045085,-0.06351281665736663,0.23724913068768388,0.005040363613998622
elasticnet,M5_text,Materials,394,0.21978295489037453,0.38346768007217974,-0.06054889111995676,0.6243654822335025,0.3830921023776132,-0.05847245304336801,-0.09803848532390912,-0.002076438076588749
elasticnet,M0_baseline,Real Estate,432,0.20867610391329042,0.4107087880670798,0.002545472151117445,0.8078703703703703,,,,
elasticnet,M1_macro,Real Estate,432,0.2175439616941271,0.41263445300289625,-0.0068298621354601075,0.7708333333333334,0.4107087880670798,0.002545472151117445,-0.46886382560237805,-0.009375334286577552
elasticnet,M2_sector,Real Estate,432,0.2217652105411237,0.41880550398663335,-0.037169831715042845,0.7731481481481481,0.41263445300289625,-0.0068298621354601075,-1.4955248983278158,-0.030339969579582737
elasticnet,M3_company,Real Estate,432,0.22809291264754297,0.41889626793951906,-0.03761943342106511,0.7870370370370371,0.41880550398663335,-0.037169831715042845,-0.021672101255050678,-0.00044960170602226235
elasticnet,M4_idio_vol,Real Estate,432,0.22545463843899646,0.418535079181769,-0.03583085267029862,0.7847222222222222,0.41889626793951906,-0.03761943342106511,0.0862239139839247,0.0017885807507664886
elasticnet,M5_text,Real Estate,432,0.22617944453112213,0.41959641505363543,-0.041090905646744114,0.7893518518518519,0.418535079181769,-0.03583085267029862,-0.2535834926767208,-0.005260052976445495
elasticnet,M0_baseline,Technology,469,0.22100304100782428,0.3917472438161794,-0.028106648770794607,0.7825159914712153,,,,
elasticnet,M1_macro,Technology,469,0.22928538624566724,0.39114696113346853,-0.02495828314801174,0.7547974413646056,0.3917472438161794,-0.028106648770794607,0.15323213939255373,0.003148365622782867
elasticnet,M2_sector,Technology,469,0.2359224342661237,0.39754716650566424,-0.05877479323360979,0.7484008528784648,0.39114696113346853,-0.02495828314801174,-1.6362661628890454,-0.03381651008559805
elasticnet,M3_company,Technology,469,0.22704938097676575,0.3911289324191416,-0.02486380073571648,0.7654584221748401,0.39754716650566424,-0.05877479323360979,1.6144585164415197,0.03391099249789331
elasticnet,M4_idio_vol,Technology,469,0.22448472437578038,0.38677695169378096,-0.002183944972333318,0.7718550106609808,0.3911289324191416,-0.02486380073571648,1.112671644729408,0.02267985576338316
elasticnet,M5_text,Technology,469,0.22468003555574104,0.3868440818202967,-0.0025318590509555428,0.7739872068230277,0.38677695169378096,-0.002183944972333318,-0.017356289257100543,-0.00034791407862222457
extra,M0_baseline,ALL,4526,0.19641014350973793,0.3632906354957035,-0.0008368625276879982,0.6853733981440565,,,,
extra,M1_macro,ALL,4526,0.1959766580565596,0.36094746384883886,0.012032005807592228,0.6811754308440123,0.3632906354957035,-0.0008368625276879982,0.6449854243194116,0.012868868335280226
extra,M2_sector,ALL,4526,0.1947959722442123,0.3600624454530571,0.01687092553611569,0.6858152894387981,0.36094746384883886,0.012032005807592228,0.2451931331902619,0.004838919728523461
extra,M3_company,ALL,4526,0.19283989864985526,0.3581065477308772,0.027522840183370922,0.6833848873177198,0.3600624454530571,0.01687092553611569,0.5432106977218512,0.010651914647255234
extra,M4_idio_vol,ALL,4526,0.19221363123360072,0.35793490643679,0.028454837865792726,0.687582854617764,0.3581065477308772,0.027522840183370922,0.04793023059053094,0.0009319976824218035
extra,M5_text,ALL,4526,0.1922014130694256,0.3576489601003071,0.030006510009413456,0.6878038002651348,0.35793490643679,0.028454837865792726,0.07988780399471197,0.0015516721436207304
extra,M0_baseline,Communication Services,460,0.21159796979342296,0.39092510301676764,-0.0021245790503567896,0.75,,,,
extra,M1_macro,Communication Services,460,0.20298632640359365,0.3922241988445515,-0.008796030789395282,0.7391304347826086,0.39092510301676764,-0.0021245790503567896,-0.3323132277151688,-0.006671451739038492
extra,M2_sector,Communication Services,460,0.20186390209850213,0.391683232308545,-0.006015230642769431,0.7391304347826086,0.3922241988445515,-0.008796030789395282,0.13792278436672692,0.0027808001466258503
extra,M3_company,Communication Services,460,0.20037342204595446,0.39079196484478085,-0.0014421039993082196,0.741304347826087,0.391683232308545,-0.006015230642769431,0.22754802612078093,0.004573126643461212
extra,M4_idio_vol,Communication Services,460,0.19852693640227964,0.3901970271576509,0.0016047454044939569,0.7391304347826086,0.39079196484478085,-0.0014421039993082196,0.15223897639917702,0.0030468494038021765
extra,M5_text,Communication Services,460,0.19959796263206905,0.39086908910575746,-0.0018374197196231457,0.7391304347826086,0.3901970271576509,0.0016047454044939569,-0.1722365628980066,-0.0034421651241171025
extra,M0_baseline,Consumer Discretionary,486,0.22055917126960287,0.4094016218157386,0.021978842673813226,0.7530864197530864,,,,
extra,M1_macro,Consumer Discretionary,486,0.2195618145908993,0.41395415670805774,0.00010676934309672426,0.7366255144032922,0.4094016218157386,0.021978842673813226,-1.1119972784006562,-0.0218720733307165
extra,M2_sector,Consumer Discretionary,486,0.22182935236500417,0.41508561159075874,-0.0053666879909977094,0.7345679012345679,0.41395415670805774,0.00010676934309672426,-0.2733285472233973,-0.005473457334094434
extra,M3_company,Consumer Discretionary,486,0.2079486887115418,0.4033453928875771,0.050700321589187025,0.7325102880658436,0.41508561159075874,-0.0053666879909977094,2.8283848862380148,0.056067009580184735
extra,M4_idio_vol,Consumer Discretionary,486,0.20813824839737446,0.4044051667676344,0.04570527421709525,0.7386831275720165,0.4033453928875771,0.050700321589187025,-0.26274599852753927,-0.0049950473720917765
extra,M5_text,Consumer Discretionary,486,0.20707681535781425,0.40419795029254146,0.046682981443814,0.7345679012345679,0.4044051667676344,0.04570527421709525,0.05123981890468359,0.0009777072267187492
extra,M0_baseline,Consumer Staples,440,0.07890294746536985,0.14430152618056857,-0.04154637968852448,0.6409090909090909,,,,
extra,M1_macro,Consumer Staples,440,0.08784335706784574,0.14682802752527846,-0.07833746448401091,0.6136363636363636,0.14430152618056857,-0.04154637968852448,-1.7508486650019235,-0.03679108479548643
extra,M2_sector,Consumer Staples,440,0.08799794861113129,0.14709874902057526,-0.0823176073108065,0.6227272727272727,0.14682802752527846,-0.07833746448401091,-0.18437998511571416,-0.003980142826795596
extra,M3_company,Consumer Staples,440,0.09231896689281342,0.14968823055065633,-0.12075858516381599,0.615909090909091,0.14709874902057526,-0.0823176073108065,-1.7603695118568725,-0.038440977853009484
extra,M4_idio_vol,Consumer Staples,440,0.08969823288852231,0.14759684966301054,-0.0896598293914912,0.6318181818181818,0.14968823055065633,-0.12075858516381599,1.3971578660207657,0.031098755772324793
extra,M5_text,Consumer Staples,440,0.0899961684044054,0.14845550107605113,-0.1023749992970806,0.6363636363636364,0.14759684966301054,-0.0896598293914912,-0.5817545665785153,-0.012715169905589407
extra,M0_baseline,Energy,437,0.34749576157503964,0.5259976255430546,-0.04078992421748895,0.4988558352402746,,,,
extra,M1_macro,Energy,437,0.3244802926736209,0.5046237243224543,0.0420764705715303,0.5766590389016019,0.5259976255430546,-0.04078992421748895,4.063497662852248,0.08286639478901925
extra,M2_sector,Energy,437,0.31515240192024585,0.4979189086369595,0.0673627658762147,0.6086956521739131,0.5046237243224543,0.0420764705715303,1.3286762715124407,0.025286295304684403
extra,M3_company,Energy,437,0.31498523484469854,0.49727623370002555,0.06976876310614777,0.6041189931350115,0.4979189086369595,0.0673627658762147,0.12907220950761553,0.0024059972299330656
extra,M4_idio_vol,Energy,437,0.3134653297821353,0.4962476008080274,0.07361321304029922,0.6041189931350115,0.49727623370002555,0.06976876310614777,0.20685341914383118,0.0038444499341514504
extra,M5_text,Energy,437,0.31374714495181427,0.49450365660673207,0.08011290432279572,0.597254004576659,0.4962476008080274,0.07361321304029922,0.3514262232110928,0.0064996912824965
extra,M0_baseline,Financials,491,0.14261127403813037,0.2593308385465533,-0.008811396836204022,0.6639511201629328,,,,
extra,M1_macro,Financials,491,0.1484845911764044,0.2650945098669577,-0.054151711874905084,0.659877800407332,0.2593308385465533,-0.008811396836204022,-2.222516748377282,-0.04534031503870106
extra,M2_sector,Financials,491,0.14888762750452852,0.2654678581894412,-0.0571230515264185,0.6578411405295316,0.2650945098669577,-0.054151711874905084,-0.14083593155922064,-0.002971339651513416
extra,M3_company,Financials,491,0.14634595426477845,0.26382411623981644,-0.044072447913265256,0.6619144602851323,0.2654678581894412,-0.0571230515264185,0.6191868050751926,0.013050603613153244
extra,M4_idio_vol,Financials,491,0.14717896592894897,0.26452055283442805,-0.04959195841949238,0.659877800407332,0.26382411623981644,-0.044072447913265256,-0.26397760922604324,-0.005519510506227121
extra,M5_text,Financials,491,0.14692232043767803,0.2640412189177953,-0.04579150371611229,0.6659877800407332,0.26452055283442805,-0.04959195841949238,0.1812085720737061,0.003800454703380085
extra,M0_baseline,Health Care,427,0.15721403144128665,0.3270662866274657,-0.010896987204706665,0.7587822014051522,,,,
extra,M1_macro,Health Care,427,0.16289387691676932,0.32339439408506654,0.011673781705044517,0.7330210772833724,0.3270662866274657,-0.010896987204706665,1.1226753390762914,0.022570768909751182
extra,M2_sector,Health Care,427,0.16189696089676245,0.3233521155178377,0.01193218003149732,0.7377049180327869,0.32339439408506654,0.011673781705044517,0.013073376657761452,0.00025839832645280225
extra,M3_company,Health Care,427,0.16310777148001174,0.32351403478302465,0.010942378111825302,0.7330210772833724,0.3233521155178377,0.01193218003149732,-0.05007521442302302,-0.0009898019196720176
extra,M4_idio_vol,Health Care,427,0.16282371334060855,0.32427067714491037,0.006310504628576852,0.7283372365339579,0.32351403478302465,0.010942378111825302,-0.23388239165363717,-0.00463187348324845
extra,M5_text,Health Care,427,0.16263758788021443,0.32481972384987284,0.002942677290014073,0.7447306791569087,0.32427067714491037,0.006310504628576852,-0.1693174078509468,-0.003367827338562779
extra,M0_baseline,Industrials,490,0.15827813164053112,0.2757038918197799,-0.07446600003776149,0.6061224489795919,,,,
extra,M1_macro,Industrials,490,0.15777414713666782,0.2751039570949494,-0.06979498780683069,0.6122448979591837,0.2757038918197799,-0.07446600003776149,0.21760110851922923,0.004671012230930804
extra,M2_sector,Industrials,490,0.15654275262986087,0.27474275866046927,-0.06698765191076705,0.6122448979591837,0.2751039570949494,-0.06979498780683069,0.13129525227274777,0.002807335896063634
extra,M3_company,Industrials,490,0.15591781090726287,0.27483981547231945,-0.06774164238556613,0.6,0.27474275866046927,-0.06698765191076705,-0.0353264312855381,-0.0007539904747990711
extra,M4_idio_vol,Industrials,490,0.1555387480678574,0.2741183597050521,-0.062143346470585836,0.6163265306122448,0.27483981547231945,-0.06774164238556613,0.2625004554116375,0.005598295914980289
extra,M5_text,Industrials,490,0.1567601711782566,0.27546408320921073,-0.07259766123989375,0.6081632653061224,0.2741183597050521,-0.062143346470585836,-0.4909278990311361,-0.010454314769307915
extra,M0_baseline,Materials,394,0.22420262764538035,0.3762076205120086,-0.020771036875556703,0.5786802030456852,,,,
extra,M1_macro,Materials,394,0.22194228672197966,0.3719056803059212,0.0024405540471562626,0.565989847715736,0.3762076205120086,-0.020771036875556703,1.1435016122832924,0.023211590922712966
extra,M2_sector,Materials,394,0.22053283541585533,0.37176279464700196,0.003206928776251061,0.5736040609137056,0.3719056803059212,0.0024405540471562626,0.038419864628499216,0.0007663747290947986
extra,M3_company,Materials,394,0.22023008751741685,0.3718024490500501,0.0029942698288007996,0.565989847715736,0.37176279464700196,0.003206928776251061,-0.01066658730220794,-0.0002126589474502616
extra,M4_idio_vol,Materials,394,0.22054384614874517,0.3709421677168687,0.007602701731086237,0.5685279187817259,0.3718024490500501,0.0029942698288007996,0.23138129815427413,0.004608431902285437
extra,M5_text,Materials,394,0.21953768980610505,0.37132358760576367,0.0055607948996567735,0.565989847715736,0.3709421677168687,0.007602701731086237,-0.10282462391444272,-0.002041906831429463
extra,M0_baseline,Real Estate,432,0.21077155174046572,0.41189314829874635,-0.003215538238820592,0.8078703703703703,,,,
extra,M1_macro,Real Estate,432,0.21231361408577298,0.409127730869701,0.010210256775638915,0.7916666666666666,0.41189314829874635,-0.003215538238820592,0.6713919472725941,0.013425795014459507
extra,M2_sector,Real Estate,432,0.2128037395954024,0.4099442383442692,0.0062556132409478105,0.7870370370370371,0.409127730869701,0.010210256775638915,-0.19957275270304903,-0.003954643534691105
extra,M3_company,Real Estate,432,0.21343154161153152,0.4092472053963441,0.009632090503160495,0.7916666666666666,0.4099442383442692,0.0062556132409478105,0.17003116100382737,0.003376477262212685
extra,M4_idio_vol,Real Estate,432,0.21330370182690467,0.4094994204447395,0.00841100624324742,0.7986111111111112,0.4092472053963441,0.009632090503160495,-0.06162902154729093,-0.0012210842599130745
extra,M5_text,Real Estate,432,0.21251028192266896,0.40748283862673795,0.018153128777680605,0.7939814814814815,0.4094994204447395,0.00841100624324742,0.4924504693587724,0.009742122534433184
extra,M0_baseline,Technology,469,0.2212251265753612,0.387758907237043,-0.007279126059889007,0.7825159914712153,,,,
extra,M1_macro,Technology,469,0.2292642713376926,0.3912593676736284,-0.02554746614311809,0.7697228144989339,0.387758907237043,-0.007279126059889007,-0.9027414641555951,-0.018268340083229084
extra,M2_sector,Technology,469,0.22767267436934552,0.3899444899321124,-0.018666078531073715,0.7739872068230277,0.3912593676736284,-0.02554746614311809,0.3360629419134627,0.006881387612044376
extra,M3_company,Technology,469,0.22263104819989676,0.387657018769543,-0.006749845411972322,0.7761194029850746,0.3899444899321124,-0.018666078531073715,0.5866145622336211,0.011916233119101394
extra,M4_idio_vol,Technology,469,0.22171361389920868,0.3874596864777904,-0.005725157707442197,0.7782515991471215,0.387657018769543,-0.006749845411972322,0.050903835658378215,0.001024687704530125
extra,M5_text,Technology,469,0.22184114973218325,0.3868182527379878,-0.0023979879920401626,0.7803837953091685,0.3874596864777904,-0.005725157707442197,0.16554851051306593,0.003327169715402034
hgb,M0_baseline,ALL,4526,0.19871054134083554,0.36611292009474816,-0.016447605318907543,0.6743261157755193,,,,
hgb,M1_macro,ALL,4526,0.19768076108899094,0.36224758761396064,0.004901915525873712,0.6904551480335838,0.36611292009474816,-0.016447605318907543,1.0557760375643646,0.021349520844781256
hgb,M2_sector,ALL,4526,0.19882885884563056,0.363046768603049,0.0005063543507720647,0.6741051701281485,0.36224758761396064,0.004901915525873712,-0.22061733919400092,-0.004395561175101648
hgb,M3_company,ALL,4526,0.1921171637091118,0.3560517957277481,0.03865062741592806,0.6769774635439681,0.363046768603049,0.0005063543507720647,1.9267415331133688,0.038144273065156
hgb,M4_idio_vol,ALL,4526,0.18867682284476744,0.3529178096505017,0.05549983829416305,0.6869200176756518,0.3560517957277481,0.03865062741592806,0.8802051035413916,0.016849210878234988
hgb,M5_text,ALL,4526,0.18955811300872952,0.35304134914078633,0.05483847472499925,0.6827220503756076,0.3529178096505017,0.05549983829416305,-0.03500517313280238,-0.0006613635691637976
hgb,M0_baseline,Communication Services,460,0.20386533896974385,0.3926773739347009,-0.011128499490460353,0.7391304347826086,,,,
hgb,M1_macro,Communication Services,460,0.2031160093358401,0.391323973513256,-0.004170607030238305,0.7434782608695653,0.3926773739347009,-0.011128499490460353,0.3446596395110859,0.006957892460222048
hgb,M2_sector,Communication Services,460,0.20076234595292444,0.39342258657897056,-0.01496992649600637,0.717391304347826,0.391323973513256,-0.004170607030238305,-0.5362853307640458,-0.010799319465768065
hgb,M3_company,Communication Services,460,0.20601499475381718,0.39453077330601216,-0.020695883090857237,0.7326086956521739,0.39342258657897056,-0.01496992649600637,-0.2816784711518238,-0.005725956594850867
hgb,M4_idio_vol,Communication Services,460,0.20222411650302646,0.39011390318429384,0.00203007791598786,0.7456521739130435,0.39453077330601216,-0.020695883090857237,1.1195248686703678,0.022725961006845097
hgb,M5_text,Communication Services,460,0.20325026286704354,0.38929272927047875,0.0062270283234378,0.7478260869565218,0.39011390318429384,0.00203007791598786,0.21049593647195816,0.00419695040744994
hgb,M0_baseline,Consumer Discretionary,486,0.22127948869985603,0.4050914449480625,0.042463637380997454,0.7530864197530864,,,,
hgb,M1_macro,Consumer Discretionary,486,0.2175506324955341,0.39982131473478494,0.06721614997619973,0.742798353909465,0.4050914449480625,0.042463637380997454,1.3009729726465191,0.02475251259520228
hgb,M2_sector,Consumer Discretionary,486,0.22209438080075034,0.4093009139024589,0.022459946560157595,0.7283950617283951,0.39982131473478494,0.06721614997619973,-2.3709589304817515,-0.04475620341604214
hgb,M3_company,Consumer Discretionary,486,0.20893479910712337,0.39524050204655015,0.08846779547370742,0.7325102880658436,0.4093009139024589,0.022459946560157595,3.43522610830512,0.06600784891354983
hgb,M4_idio_vol,Consumer Discretionary,486,0.20769613609813448,0.39398747735083917,0.09423826612050379,0.7407407407407407,0.39524050204655015,0.08846779547370742,0.31702841414855887,0.005770470646796366
hgb,M5_text,Consumer Discretionary,486,0.20820969239118348,0.3953871285501154,0.08779134874822991,0.7283950617283951,0.39398747735083917,0.09423826612050379,-0.35525271226573596,-0.006446917372273875
hgb,M0_baseline,Consumer Staples,440,0.08220956238097955,0.14691003966710794,-0.07954243148045581,0.6204545454545455,,,,
hgb,M1_macro,Consumer Staples,440,0.07947787214311121,0.1387415906660826,0.03716891352581575,0.6545454545454545,0.14691003966710794,-0.07954243148045581,5.56017071367941,0.11671134500627156
hgb,M2_sector,Consumer Staples,440,0.08274656090471687,0.1416455501743806,-0.0035583671384920024,0.6068181818181818,0.1387415906660826,0.03716891352581575,-2.093070646196587,-0.04072728066430775
hgb,M3_company,Consumer Staples,440,0.08483841613904752,0.14691578267841704,-0.07962683613501209,0.6068181818181818,0.1416455501743806,-0.0035583671384920024,-3.720718721871761,-0.07606846899652009
hgb,M4_idio_vol,Consumer Staples,440,0.07950656722186744,0.1448277867522843,-0.04915716939899517,0.625,0.14691578267841704,-0.07962683613501209,1.421219618523311,0.03046966673601692
hgb,M5_text,Consumer Staples,440,0.08337895600568895,0.15043852310872366,-0.1320220527735274,0.5954545454545455,0.1448277867522843,-0.04915716939899517,-3.874074500659218,-0.08286488337453224
hgb,M0_baseline,Energy,437,0.3490658230996625,0.5315865361835266,-0.0630249489047443,0.4851258581235698,,,,
hgb,M1_macro,Energy,437,0.32837764803235386,0.5082240398418945,0.028358803820705436,0.597254004576659,0.5315865361835266,-0.0630249489047443,4.394862313361221,0.09138375272544974
hgb,M2_sector,Energy,437,0.31461740070855276,0.4995452729012546,0.061260225741992635,0.6613272311212814,0.5082240398418945,0.028358803820705436,1.7076655687794229,0.0329014219212872
hgb,M3_company,Energy,437,0.29658182024795404,0.48028821915320674,0.13224049371138835,0.6613272311212814,0.4995452729012546,0.061260225741992635,3.8549166197103464,0.07098026796939572
hgb,M4_idio_vol,Energy,437,0.28799471539716265,0.4749233257565431,0.15151823605427184,0.6521739130434783,0.48028821915320674,0.13224049371138835,1.117015405067074,0.019277742342883486
hgb,M5_text,Energy,437,0.28932805476236945,0.4773593853794655,0.14279155054748294,0.6567505720823799,0.4749233257565431,0.15151823605427184,-0.5129374555443824,-0.0087266855067889
hgb,M0_baseline,Financials,491,0.14864326355169663,0.270186169461378,-0.09503469524956598,0.6476578411405295,,,,
hgb,M1_macro,Financials,491,0.1531556434039413,0.2731777713227818,-0.119418207364681,0.6435845213849287,0.270186169461378,-0.09503469524956598,-1.1072372310424383,-0.024383512115115025
hgb,M2_sector,Financials,491,0.15116911611320752,0.2670523381648491,-0.06977986820159221,0.6354378818737271,0.2731777713227818,-0.119418207364681,2.242288282927324,0.049638339163088796
hgb,M3_company,Financials,491,0.1461441212183287,0.26494260539290637,-0.05294395783663575,0.594704684317719,0.2670523381648491,-0.06977986820159221,0.7900072272126626,0.016835910364956463
hgb,M4_idio_vol,Financials,491,0.14284246082505817,0.2606476613570103,-0.019082435852834312,0.6171079429735234,0.26494260539290637,-0.05294395783663575,1.6210846985243244,0.033861521983801435
hgb,M5_text,Financials,491,0.1425145151180925,0.26149083558747693,-0.025686399757294698,0.6109979633401222,0.2606476613570103,-0.019082435852834312,-0.3234919607860008,-0.006603963904460386
hgb,M0_baseline,Health Care,427,0.16291689990209346,0.3249227957373975,0.0023098038654484343,0.7587822014051522,,,,
hgb,M1_macro,Health Care,427,0.1638917296523345,0.322858775745811,0.014944879036356551,0.7423887587822015,0.3249227957373975,0.0023098038654484343,0.6352339751670264,0.012635075170908117
hgb,M2_sector,Health Care,427,0.17088536311292415,0.32888628169049605,-0.02217877661034784,0.7072599531615925,0.322858775745811,0.014944879036356551,-1.8669171778779645,-0.03712365564670439
hgb,M3_company,Health Care,427,0.1654094336473063,0.3246602862468918,0.0039212472665896,0.7189695550351288,0.32888628169049605,-0.02217877661034784,1.2849412331467174,0.02610002387693744
hgb,M4_idio_vol,Health Care,427,0.16202505632286987,0.3234326087675327,0.011440191978052128,0.7400468384074942,0.3246602862468918,0.0039212472665896,0.3781421785679966,0.007518944711462527
hgb,M5_text,Health Care,427,0.1623572466223694,0.32402169634120453,0.007835863804534382,0.7494145199063232,0.3234326087675327,0.011440191978052128,-0.1821361104919471,-0.0036043281735177457
hgb,M0_baseline,Industrials,490,0.1596801173572914,0.2805993881433528,-0.11296196704623451,0.6,,,,
hgb,M1_macro,Industrials,490,0.16078530441251013,0.28127050627041983,-0.11829214386637488,0.6428571428571429,0.2805993881433528,-0.11296196704623451,-0.23917305433474018,-0.005330176820140364
hgb,M2_sector,Industrials,490,0.16418533483567507,0.28704521627026536,-0.1646823961635442,0.6,0.28127050627041983,-0.11829214386637488,-2.053080529635621,-0.04639025229716931
hgb,M3_company,Industrials,490,0.15477665959526768,0.27783642985551643,-0.09115202664972588,0.6183673469387755,0.28704521627026536,-0.1646823961635442,3.2081309468953,0.0735303695138183
hgb,M4_idio_vol,Industrials,490,0.15284626483472372,0.27310882206659587,-0.05433431701600977,0.6204081632653061,0.27783642985551643,-0.09115202664972588,1.7015795197840202,0.03681770963371611
hgb,M5_text,Industrials,490,0.15292180880157075,0.2716355743328217,-0.042990076194339366,0.6244897959183674,0.27310882206659587,-0.05433431701600977,0.5394361568499318,0.011344240821670404
hgb,M0_baseline,Materials,394,0.23274657003990185,0.3788580541858329,-0.035204642357697935,0.5685279187817259,,,,
hgb,M1_macro,Materials,394,0.22904502309383903,0.3769098019974458,-0.0245850767654614,0.583756345177665,0.3788580541858329,-0.035204642357697935,0.5142433074503121,0.010619565592236535
hgb,M2_sector,Materials,394,0.2348955917915632,0.3822810545954741,-0.05399539391839325,0.5532994923857868,0.3769098019974458,-0.0245850767654614,-1.425076389513675,-0.029410317152931853
hgb,M3_company,Materials,394,0.2198075294873807,0.37088535760321945,0.00790665146245062,0.5862944162436549,0.3822810545954741,-0.05399539391839325,2.980973515497253,0.06190204538084387
hgb,M4_idio_vol,Materials,394,0.22533396396969763,0.37519149232565946,-0.015264325193311112,0.5913705583756346,0.37088535760321945,0.00790665146245062,-1.1610419861996284,-0.023170976655761732
hgb,M5_text,Materials,394,0.22267281042851694,0.37243041443577857,-0.0003764116222872982,0.5812182741116751,0.37519149232565946,-0.015264325193311112,0.7359116468142956,0.014887913571023814
hgb,M0_baseline,Real Estate,432,0.22055173126797212,0.41611243408809584,-0.023873968691422665,0.7870370370370371,,,,
hgb,M1_macro,Real Estate,432,0.2244353921375131,0.4165377487775563,-0.025968071884816757,0.7824074074074074,0.41611243408809584,-0.023873968691422665,-0.10221148291146692,-0.0020941031933940923
hgb,M2_sector,Real Estate,432,0.23067205955523362,0.41636120899088214,-0.025098591015671134,0.7615740740740741,0.4165377487775563,-0.025968071884816757,0.04238266212180049,0.0008694808691456224
hgb,M3_company,Real Estate,432,0.2252781593911562,0.41464984352101625,-0.016689003786167556,0.7569444444444444,0.41636120899088214,-0.025098591015671134,0.4110290375065574,0.008409587229503579
hgb,M4_idio_vol,Real Estate,432,0.21931189067709442,0.41127506810707487,-0.00020697923277634978,0.7754629629629629,0.41464984352101625,-0.016689003786167556,0.8138856113592937,0.016482024553391206
hgb,M5_text,Real Estate,432,0.22141405450550505,0.40928128818384435,0.009467124662823956,0.7708333333333334,0.41127506810707487,-0.00020697923277634978,0.48478015757362736,0.009674103895600306
hgb,M0_baseline,Technology,469,0.2165393131377204,0.39217868957079316,-0.03037247969716117,0.7697228144989339,,,,
hgb,M1_macro,Technology,469,0.22580605528989164,0.3961413365948818,-0.05129982868715466,0.7611940298507462,0.39217868957079316,-0.03037247969716117,-1.0104187528459152,-0.02092734898999349
hgb,M2_sector,Technology,469,0.22574090191061827,0.39180668897782195,-0.02841868978125195,0.7590618336886994,0.3961413365948818,-0.05129982868715466,1.0942174463082468,0.02288113890590271
hgb,M3_company,Technology,469,0.2220179703257943,0.38682764434115513,-0.0024466632463000515,0.7569296375266524,0.39180668897782195,-0.02841868978125195,1.2707911265263405,0.025972026534951898
hgb,M4_idio_vol,Technology,469,0.21623021022089745,0.3790004897963077,0.03771035836664516,0.7569296375266524,0.38682764434115513,-0.0024466632463000515,2.023421712318068,0.04015702161294521
hgb,M5_text,Technology,469,0.21858224111764887,0.37884232292494235,0.03851336832067587,0.7569296375266524,0.3790004897963077,0.03771035836664516,0.04173262980486767,0.000803009954030709
rf,M0_baseline,ALL,4526,0.19453219315945483,0.3622999736009069,0.004614084957248243,0.6831639416703491,,,,
rf,M1_macro,ALL,4526,0.19587180465613124,0.36012400809498857,0.01653471053743083,0.6763146266018559,0.3622999736009069,0.004614084957248243,0.6005977544771376,0.011920625580182587
rf,M2_sector,ALL,4526,0.1938630654382232,0.35767921066974706,0.02984241560605294,0.6895713654441008,0.36012400809498857,0.01653471053743083,0.6788765453806268,0.013307705068622111
rf,M3_company,ALL,4526,0.19104682880568394,0.3560974087631981,0.03840429880696339,0.6889085285019885,0.35767921066974706,0.02984241560605294,0.44224038170601215,0.008561883200910447
rf,M4_idio_vol,ALL,4526,0.1913168415520252,0.35634097220103805,0.03708842485600272,0.6869200176756518,0.3560974087631981,0.03840429880696339,-0.06839798095860362,-0.0013158739509606665
rf,M5_text,ALL,4526,0.19058425188842826,0.3559044415813901,0.039446183032711524,0.6886875828546177,0.35634097220103805,0.03708842485600272,0.12250362818274393,0.002357758176708802
rf,M0_baseline,Communication Services,460,0.19881051778425063,0.3832927531348144,0.03662402400067721,0.75,,,,
rf,M1_macro,Communication Services,460,0.20127893751475984,0.3902556911841474,0.001304516112999865,0.7391304347826086,0.3832927531348144,0.03662402400067721,-1.8166109305186635,-0.03531950788767735
rf,M2_sector,Communication Services,460,0.2001616183187197,0.3887461886622748,0.009015449373095619,0.7434782608695653,0.3902556911841474,0.001304516112999865,0.38679833657065554,0.007710933260095754
rf,M3_company,Communication Services,460,0.1978500567457769,0.3842247994249775,0.031933078427824335,0.7434782608695653,0.3887461886622748,0.009015449373095619,1.1630697275402124,0.022917629054728716
rf,M4_idio_vol,Communication Services,460,0.19619457845162958,0.38453192216740234,0.03038484835561317,0.7434782608695653,0.3842247994249775,0.031933078427824335,-0.07993308679826759,-0.0015482300722111653
rf,M5_text,Communication Services,460,0.1970770084904295,0.3843201524635139,0.03145252862121928,0.7456521739130435,0.38453192216740234,0.03038484835561317,0.05507207378123171,0.001067680265606108
rf,M0_baseline,Consumer Discretionary,486,0.21121369833366824,0.40254298511231695,0.054473602629494855,0.7510288065843621,,,,
rf,M1_macro,Consumer Discretionary,486,0.21304649561631875,0.40550450554422374,0.040509894854815265,0.7263374485596708,0.40254298511231695,0.054473602629494855,-0.7357029041458676,-0.01396370777467959
rf,M2_sector,Consumer Discretionary,486,0.2152199029796558,0.407355088492344,0.031732346624194774,0.7366255144032922,0.40550450554422374,0.040509894854815265,-0.4563655700043551,-0.008777548230620491
rf,M3_company,Consumer Discretionary,486,0.20667348875887395,0.4004724097346414,0.06417566470519875,0.7366255144032922,0.407355088492344,0.031732346624194774,1.6896017632125282,0.03244331808100398
rf,M4_idio_vol,Consumer Discretionary,486,0.2068827732629141,0.4018017868138795,0.05795237321567459,0.7366255144032922,0.4004724097346414,0.06417566470519875,-0.3319522261518591,-0.006223291489524163
rf,M5_text,Consumer Discretionary,486,0.20652100104359247,0.40282531484721346,0.05314681845085634,0.7325102880658436,0.4018017868138795,0.05795237321567459,-0.25473456488337015,-0.004805554764818254
rf,M0_baseline,Consumer Staples,440,0.07949410205329664,0.14181635610061089,-0.005980145548419857,0.6454545454545455,,,,
rf,M1_macro,Consumer Staples,440,0.08504617479094115,0.14163599881018565,-0.0034230289190195773,0.6068181818181818,0.14181635610061089,-0.005980145548419857,0.12717664970694775,0.00255711662940028
rf,M2_sector,Consumer Staples,440,0.08608798926969236,0.14113948059192377,0.0035998260631368018,0.615909090909091,0.14163599881018565,-0.0034230289190195773,0.3505593369149704,0.007022854982156379
rf,M3_company,Consumer Staples,440,0.0879551016993204,0.14478880868529231,-0.048592517872459995,0.6386363636363637,0.14113948059192377,0.0035998260631368018,-2.5856181970230114,-0.0521923439355968
rf,M4_idio_vol,Consumer Staples,440,0.08441304937994194,0.14296727756584998,-0.022374619345937097,0.6272727272727273,0.14478880868529231,-0.048592517872459995,1.258060713381202,0.026217898526522898
rf,M5_text,Consumer Staples,440,0.08520228600839284,0.1435929931001362,-0.031343323135977874,0.6477272727272727,0.14296727756584998,-0.022374619345937097,-0.4376634604362694,-0.008968703790040777
rf,M0_baseline,Energy,437,0.3463531699053369,0.5252576251500874,-0.03786351106378527,0.4874141876430206,,,,
rf,M1_macro,Energy,437,0.3258974823436918,0.5031957666687132,0.04749016319220056,0.5766590389016019,0.5252576251500874,-0.03786351106378527,4.200197660161571,0.08535367425598583
rf,M2_sector,Energy,437,0.3073836723601942,0.48863035027980933,0.10183445786062051,0.6521739130434783,0.5031957666687132,0.04749016319220056,2.8945824575057038,0.054344294668419946
rf,M3_company,Energy,437,0.3026365590399476,0.4886759696273095,0.1016667415546485,0.631578947368421,0.48863035027980933,0.10183445786062051,-0.009336167406316157,-0.00016771630597200993
rf,M4_idio_vol,Energy,437,0.3080776574286738,0.491845117584705,0.08997726765873681,0.6338672768878718,0.4886759696273095,0.1016667415546485,-0.6485172495411308,-0.011689473895911684
rf,M5_text,Energy,437,0.30591920693116437,0.49033759842018754,0.0955472092511821,0.6453089244851259,0.491845117584705,0.08997726765873681,0.30650282184774247,0.005569941592445282
rf,M0_baseline,Financials,491,0.1444350501884617,0.2660575429892752,-0.06182465077645771,0.659877800407332,,,,
rf,M1_macro,Financials,491,0.1488246774221439,0.26862167103102724,-0.08238993236651271,0.6558044806517311,0.2660575429892752,-0.06182465077645771,-0.9637494253847956,-0.020565281590054996
rf,M2_sector,Financials,491,0.14854852908912936,0.26661327862784956,-0.06626511941899671,0.6578411405295316,0.26862167103102724,-0.08238993236651271,0.7476658139565007,0.016124812947516
rf,M3_company,Financials,491,0.14249906747190313,0.2645866700074911,-0.05011671708359344,0.6415478615071283,0.26661327862784956,-0.06626511941899671,0.7601304146547407,0.016148402335403267
rf,M4_idio_vol,Financials,491,0.14526742137212245,0.2644225766427461,-0.04881458231627667,0.6537678207739308,0.2645866700074911,-0.05011671708359344,0.0620187573094073,0.001302134767316776
rf,M5_text,Financials,491,0.14426858338144416,0.26495087726360567,-0.053009707565533803,0.6435845213849287,0.2644225766427461,-0.04881458231627667,-0.19979406734748661,-0.004195125249257137
rf,M0_baseline,Health Care,427,0.16014682842652422,0.3258124280300571,-0.003160988046103874,0.7611241217798594,,,,
rf,M1_macro,Health Care,427,0.1645498102495567,0.3228362688981248,0.015082212845878629,0.7236533957845434,0.3258124280300571,-0.003160988046103874,0.9134578290726753,0.018243200891982503
rf,M2_sector,Health Care,427,0.16418263972257058,0.3224714643393619,0.017306866812490607,0.7283372365339579,0.3228362688981248,0.015082212845878629,0.11299986832581829,0.002224653966611978
rf,M3_company,Health Care,427,0.16529837152601892,0.32269680437921877,0.0159329934349437,0.7330210772833724,0.3224714643393619,0.017306866812490607,-0.06987906366180525,-0.001373873377546908
rf,M4_idio_vol,Health Care,427,0.16259046391073123,0.32299513194349655,0.014112646835079845,0.7377049180327869,0.32269680437921877,0.0159329934349437,-0.09244825490344713,-0.0018203465998638535
rf,M5_text,Health Care,427,0.162860461280133,0.32362174180500436,0.010283697666838232,0.7330210772833724,0.32299513194349655,0.014112646835079845,-0.1939997849928668,-0.0038289491682416132
rf,M0_baseline,Industrials,490,0.15820177238626684,0.2794376496059497,-0.10376526683060194,0.6061224489795919,,,,
rf,M1_macro,Industrials,490,0.1609123848535366,0.2808231029439593,-0.114737347394259,0.5979591836734693,0.2794376496059497,-0.10376526683060194,-0.4958005265086164,-0.01097208056365706
rf,M2_sector,Industrials,490,0.1597446385048005,0.28059131985460956,-0.11289796427367182,0.5979591836734693,0.2808231029439593,-0.114737347394259,0.08253704446674018,0.0018393831205871791
rf,M3_company,Industrials,490,0.15611106820372406,0.27817642184841596,-0.09382417400334564,0.6081632653061224,0.28059131985460956,-0.11289796427367182,0.8606460126581595,0.019073790270326185
rf,M4_idio_vol,Industrials,490,0.15598023466161307,0.2759136875581563,-0.07610184312975177,0.5959183673469388,0.27817642184841596,-0.09382417400334564,0.8134169945908098,0.017722330873593872
rf,M5_text,Industrials,490,0.15575539217981396,0.27684055885844266,-0.08334384123137428,0.6061224489795919,0.2759136875581563,-0.07610184312975177,-0.3359279883825929,-0.0072419981016225154
rf,M0_baseline,Materials,394,0.23029870333256514,0.37828192742589856,-0.032058579538964294,0.5685279187817259,,,,
rf,M1_macro,Materials,394,0.22770639888123648,0.37594998765778415,-0.019373435691649066,0.5710659898477157,0.37828192742589856,-0.032058579538964294,0.616455505549155,0.012685143847315228
rf,M2_sector,Materials,394,0.22686867152617216,0.3751346460289289,-0.014956697509499461,0.5786802030456852,0.37594998765778415,-0.019373435691649066,0.21687502476990406,0.004416738182149604
rf,M3_company,Materials,394,0.22465320035006775,0.37420262465185167,-0.009919646257447345,0.5812182741116751,0.3751346460289289,-0.014956697509499461,0.2484498264671971,0.005037051252052116
rf,M4_idio_vol,Materials,394,0.22822528766120392,0.377385503319682,-0.027172985315252918,0.5685279187817259,0.37420262465185167,-0.009919646257447345,-0.8505762541862484,-0.017253339057805572
rf,M5_text,Materials,394,0.2245839069200933,0.3736135999048034,-0.006742760578581919,0.5710659898477157,0.377385503319682,-0.027172985315252918,0.9994828581646471,0.020430224736671
rf,M0_baseline,Real Estate,432,0.21492638221655266,0.41091942648136937,0.0015220895341144791,0.8055555555555556,,,,
rf,M1_macro,Real Estate,432,0.217650371686818,0.41153075089868696,-0.001450989510923817,0.7939814814814815,0.41091942648136937,0.0015220895341144791,-0.1487698993820411,-0.002973079045038296
rf,M2_sector,Real Estate,432,0.21715578218794535,0.40905233176652744,0.010575044476589301,0.8009259259259259,0.41153075089868696,-0.001450989510923817,0.602243970042877,0.012026033987513118
rf,M3_company,Real Estate,432,0.21609698153911364,0.40997603095046276,0.00610147057425392,0.7916666666666666,0.40905233176652744,0.010575044476589301,-0.22581442817994402,-0.0044735739023353815
rf,M4_idio_vol,Real Estate,432,0.21636421174412618,0.4106990830818972,0.0025926109868208425,0.7870370370370371,0.40997603095046276,0.00610147057425392,-0.17636448886002967,-0.0035088595874330775
rf,M5_text,Real Estate,432,0.21505724705436574,0.408524493881775,0.013126889204652992,0.7824074074074074,0.4106990830818972,0.0025926109868208425,0.5294847954867647,0.01053427821783215
rf,M0_baseline,Technology,469,0.21239064058886825,0.3881772055290183,-0.009453520478129862,0.7825159914712153,,,,
rf,M1_macro,Technology,469,0.2230817210194954,0.38660593273127053,-0.001297880971106835,0.7611940298507462,0.3881772055290183,-0.009453520478129862,0.4047823456316546,0.008155639507023027
rf,M2_sector,Technology,469,0.22181640618432488,0.38675489225159615,-0.0020696310854650957,0.7761194029850746,0.38660593273127053,-0.001297880971106835,-0.03853006581488795,-0.0007717501143582606
rf,M3_company,Technology,469,0.22038391755551,0.3861953677147625,0.0008276921711724006,0.7761194029850746,0.38675489225159615,-0.0020696310854650957,0.1446716119287454,0.0028973232566374962
rf,M4_idio_vol,Technology,469,0.21910653127435728,0.38177241261200995,0.023582952020276604,0.7761194029850746,0.3861953677147625,0.0008276921711724006,1.145263634031793,0.022755259849104204
rf,M5_text,Technology,469,0.21811464974970915,0.38221867342323435,0.021298914096993915,0.7718550106609808,0.38177241261200995,0.023582952020276604,-0.11689184353871211,-0.002284037923282689
ridge,M0_baseline,ALL,4526,0.22647870159921982,1.9641468280392351,-28.255180785089053,0.6805125939019001,,,,
ridge,M1_macro,ALL,4526,0.26465452178825577,1.9705176903179231,-28.445271459792025,0.6208572691117985,1.9641468280392351,-28.255180785089053,-0.3243577408644081,-0.19009067470297225
ridge,M2_sector,ALL,4526,0.2658652586305069,1.8190491803396884,-24.092490486507376,0.6277065841802917,1.9705176903179231,-28.445271459792025,7.6867368774444635,4.3527809732846485
ridge,M3_company,ALL,4526,0.24111497695089862,0.9883611698563941,-6.407748612642479,0.640521431727795,1.8190491803396884,-24.092490486507376,45.6660556218811,17.684741873864898
ridge,M4_idio_vol,ALL,4526,0.24328364024055765,0.9824019442281833,-6.318689340698291,0.6372072470172337,0.9883611698563941,-6.407748612642479,0.602940079998963,0.08905927194418783
ridge,M5_text,ALL,4526,0.23936847326417718,0.9905638348500212,-6.440803270946536,0.6394167034909413,0.9824019442281833,-6.318689340698291,-0.8308096975775274,-0.12211393024824524
ridge,M0_baseline,Communication Services,460,0.21309810563002593,0.3909390167839143,-0.002195915355301059,0.75,,,,
ridge,M1_macro,Communication Services,460,0.24971477950448978,0.42643179961444094,-0.19243238370766647,0.6804347826086956,0.3909390167839143,-0.002195915355301059,-9.078854068470928,-0.1902364683523654
ridge,M2_sector,Communication Services,460,0.2480839127779824,0.41994474323959274,-0.1564287871756178,0.691304347826087,0.42643179961444094,-0.19243238370766647,1.5212412349907962,0.036003596532048654
ridge,M3_company,Communication Services,460,0.2375936211993477,0.42526576364904767,-0.18592012048222695,0.6956521739130435,0.41994474323959274,-0.1564287871756178,-1.2670763225673005,-0.029491333306609135
ridge,M4_idio_vol,Communication Services,460,0.24078723970326124,0.4305422791668266,-0.21553146852850635,0.6956521739130435,0.42526576364904767,-0.18592012048222695,-1.240757184990179,-0.029611348046279407
ridge,M5_text,Communication Services,460,0.23251603515911887,0.4117682983506876,-0.11183517824732925,0.6869565217391305,0.4305422791668266,-0.21553146852850635,4.360542907068231,0.1036962902811771
ridge,M0_baseline,Consumer Discretionary,486,0.22182631148183782,0.40813185208810737,0.028036150507701474,0.7530864197530864,,,,
ridge,M1_macro,Consumer Discretionary,486,0.2534762715040349,0.43208777618622485,-0.08941435318096613,0.6893004115226338,0.40813185208810737,0.028036150507701474,-5.8696531465389965,-0.1174505036886676
ridge,M2_sector,Consumer Discretionary,486,0.25916824434177643,0.4374133353171283,-0.11643429969512686,0.6851851851851852,0.43208777618622485,-0.08941435318096613,-1.232517887432247,-0.02701994651416073
ridge,M3_company,Consumer Discretionary,486,0.22580798961350768,0.42045956157938436,-0.031567375507466355,0.7098765432098766,0.4374133353171283,-0.11643429969512686,3.875916065853891,0.08486692418766051
ridge,M4_idio_vol,Consumer Discretionary,486,0.22948710992637386,0.4243400844206382,-0.050696412176529204,0.7078189300411523,0.42045956157938436,-0.031567375507466355,-0.9229241515348877,-0.01912903666906285
ridge,M5_text,Consumer Discretionary,486,0.22409552018948833,0.4082765766122689,0.027346706910847396,0.7078189300411523,0.4243400844206382,-0.050696412176529204,3.7855268446536674,0.0780431190873766
ridge,M0_baseline,Consumer Staples,440,0.08018208472453896,0.14472088995537818,-0.04760898373549605,0.6386363636363637,,,,
ridge,M1_macro,Consumer Staples,440,0.1404180260379589,0.23010809335152793,-1.6485035099251015,0.5477272727272727,0.14472088995537818,-0.04760898373549605,-59.00129789312185,-1.6008945261896055
ridge,M2_sector,Consumer Staples,440,0.14363103335018024,0.23084475012818423,-1.6654882322697175,0.5363636363636364,0.23010809335152793,-1.6485035099251015,-0.32013510082452107,-0.01698472234461601
ridge,M3_company,Consumer Staples,440,0.12821141404481812,0.2262714026121676,-1.560920536932211,0.5636363636363636,0.23084475012818423,-1.6654882322697175,1.9811355958829995,0.10456769533750654
ridge,M4_idio_vol,Consumer Staples,440,0.13261053796374883,0.2367103762036067,-1.8026660728173978,0.5659090909090909,0.2262714026121676,-1.560920536932211,-4.613474557954472,-0.24174553588518677
ridge,M5_text,Consumer Staples,440,0.12698542342096003,0.2061239032679446,-1.1251690418665041,0.5636363636363636,0.2367103762036067,-1.8026660728173978,12.921475359978766,0.6774970309508936
ridge,M0_baseline,Energy,437,0.3492728870197381,0.5233449894035228,-0.03031886768237646,0.4759725400457666,,,,
ridge,M1_macro,Energy,437,0.33920963241989743,0.5195546459586419,-0.015448675174829063,0.5377574370709383,0.5233449894035228,-0.03031886768237646,0.7242533169565538,0.014870192507547397
ridge,M2_sector,Energy,437,0.3362085110893569,0.5240713659369368,-0.03318091406854662,0.620137299771167,0.5195546459586419,-0.015448675174829063,-0.8693445460315433,-0.017732238893717556
ridge,M3_company,Energy,437,0.3198473276775056,0.5106106060549626,0.019211929649700532,0.6453089244851259,0.5240713659369368,-0.03318091406854662,2.568497490396,0.05239284371824715
ridge,M4_idio_vol,Energy,437,0.3232080707930912,0.5131200602830439,0.009547849936933694,0.6247139588100686,0.5106106060549626,0.019211929649700532,-0.491461438192538,-0.009664079712766838
ridge,M5_text,Energy,437,0.31322525340897783,0.5050400559460536,0.04049517997215901,0.6247139588100686,0.5131200602830439,0.009547849936933694,1.5746810468749282,0.030947330035225318
ridge,M0_baseline,Financials,491,0.14392009846538462,0.2601691099063392,-0.015343782070484036,0.6619144602851323,,,,
ridge,M1_macro,Financials,491,0.1963582342256681,0.31994591352084817,-0.5355175565767718,0.5682281059063137,0.2601691099063392,-0.015343782070484036,-22.976134113703438,-0.5201737745062878
ridge,M2_sector,Financials,491,0.19750025105439578,0.3160602673597262,-0.498447244905605,0.5498981670061099,0.31994591352084817,-0.5355175565767718,1.2144696953189167,0.03707031167116681
ridge,M3_company,Financials,491,0.18290815582741027,0.31052226072173006,-0.4463957263853633,0.5539714867617108,0.3160602673597262,-0.498447244905605,1.7521995675884876,0.0520515185202417
ridge,M4_idio_vol,Financials,491,0.18638383355540833,0.3163262701311277,-0.5009705538585814,0.5560081466395111,0.31052226072173006,-0.4463957263853633,-1.8691121840694065,-0.05457482747321807
ridge,M5_text,Financials,491,0.1789173762930832,0.2965548721508015,-0.31920344973271764,0.5804480651731161,0.3163262701311277,-0.5009705538585814,6.250318056774191,0.18176710412586372
ridge,M0_baseline,Health Care,427,0.15735495094042012,0.32756873748332305,-0.014005324714376544,0.7540983606557377,,,,
ridge,M1_macro,Health Care,427,0.2089797766994255,0.36482318758422083,-0.25776703790121713,0.6276346604215457,0.32756873748332305,-0.014005324714376544,-11.373017580102392,-0.2437617131868406
ridge,M2_sector,Health Care,427,0.21204853059611853,0.36405640553933727,-0.2524854675643047,0.6370023419203747,0.36482318758422083,-0.25776703790121713,0.2101790870150073,0.005281570336912456
ridge,M3_company,Health Care,427,0.20806439380059574,0.36899244211439447,-0.2866792092325605,0.6229508196721312,0.36405640553933727,-0.2524854675643047,-1.3558439021954936,-0.03419374166825584
ridge,M4_idio_vol,Health Care,427,0.21286850862812223,0.3750449724912001,-0.3292358260184016,0.6276346604215457,0.36899244211439447,-0.2866792092325605,-1.6402857310907324,-0.042556616785841106
ridge,M5_text,Health Care,427,0.20081699291056188,0.34946597142176083,-0.1541044855111715,0.6323185011709602,0.3750449724912001,-0.3292358260184016,6.820249022279441,0.17513134050723012
ridge,M0_baseline,Industrials,490,0.1582167546147763,0.27831244629607105,-0.09489416552505037,0.6061224489795919,,,,
ridge,M1_macro,Industrials,490,0.19724267625558028,0.32243580736530925,-0.46958061601528045,0.573469387755102,0.27831244629607105,-0.09489416552505037,-15.85389430349062,-0.3746864504902301
ridge,M2_sector,Industrials,490,0.20425440243402646,0.32753617121558454,-0.5164406583877243,0.573469387755102,0.32243580736530925,-0.46958061601528045,-1.5818230276443042,-0.0468600423724439
ridge,M3_company,Industrials,490,0.18708447485556037,0.3172810793615377,-0.422968324566507,0.5693877551020409,0.32753617121558454,-0.5164406583877243,3.130979951309536,0.09347233382121733
ridge,M4_idio_vol,Industrials,490,0.19146703266441692,0.3255530347577092,-0.49813303420158284,0.5755102040816327,0.3172810793615377,-0.422968324566507,-2.6071379399039722,-0.07516470963507582
ridge,M5_text,Industrials,490,0.1987285387760688,0.39251078651839305,-1.1777602985915494,0.5816326530612245,0.3255530347577092,-0.49813303420158284,-20.567386757895452,-0.6796272643899666
ridge,M0_baseline,Materials,394,0.5550266946100292,6.552614247477607,-308.6723042580053,0.5736040609137056,,,,
ridge,M1_macro,Materials,394,0.5847203540155186,6.554392900695219,-308.8404430724033,0.5862944162436549,6.552614247477607,-308.6723042580053,-0.027144177124373885,-0.1681388143979916
ridge,M2_sector,Materials,394,0.560628074939853,6.002324885868435,-258.84368069273273,0.5786802030456852,6.554392900695219,-308.8404430724033,8.422870328207303,49.99676237967054
ridge,M3_company,Materials,394,0.4079601024303428,3.0415930935467164,-65.72297297001316,0.5939086294416244,6.002324885868435,-258.84368069273273,49.32641682379295,193.12070772271957
ridge,M4_idio_vol,Materials,394,0.4099151268215341,3.0318390391626666,-65.2957126930754,0.5812182741116751,3.0415930935467164,-65.72297297001316,0.320688996984663,0.4272602769377585
ridge,M5_text,Materials,394,0.4189193802703473,3.0503018730690066,-66.10560635935892,0.583756345177665,3.0318390391626666,-65.2957126930754,-0.6089648450281525,-0.8098936662835143
ridge,M0_baseline,Real Estate,432,0.21350087527165224,0.41390696072834504,-0.013049286076331823,0.8009259259259259,,,,
ridge,M1_macro,Real Estate,432,0.2609374971514819,0.45044153890337024,-0.19978100480100447,0.7083333333333334,0.41390696072834504,-0.013049286076331823,-8.826760997383548,-0.18673171872467265
ridge,M2_sector,Real Estate,432,0.28016426626801144,0.714474659794635,-2.018552789610332,0.7083333333333334,0.45044153890337024,-0.19978100480100447,-58.61651248552051,-1.8187717848093274
ridge,M3_company,Real Estate,432,0.29507852732676637,0.733753645786025,-2.1836525085723495,0.7083333333333334,0.714474659794635,-2.018552789610332,-2.698344262752643,-0.16509971896201758
ridge,M4_idio_vol,Real Estate,432,0.2835600561693341,0.6596357971844816,-1.57296303353881,0.7083333333333334,0.733753645786025,-2.1836525085723495,10.101189824024042,0.6106894750335394
ridge,M5_text,Real Estate,432,0.2896179359271397,0.7418346440773804,-2.2541632578516326,0.6990740740740741,0.6596357971844816,-1.57296303353881,-12.46124713724566,-0.6812002243128226
ridge,M0_baseline,Technology,469,0.2238871654768701,0.39309667019315475,-0.035201752651147,0.7761194029850746,,,,
ridge,M1_macro,Technology,469,0.2651376780259609,0.4296760712559621,-0.2368259974738396,0.6844349680170576,0.39309667019315475,-0.035201752651147,-9.305446684357161,-0.2016242448226926
ridge,M2_sector,Technology,469,0.26351938664086105,0.4256080042687743,-0.21351693799051108,0.6950959488272921,0.4296760712559621,-0.2368259974738396,0.9467753173446728,0.02330905948332851
ridge,M3_company,Technology,469,0.25059986160992936,0.4213941230377891,-0.18960619560598824,0.7398720682302772,0.4256080042687743,-0.21351693799051108,0.9900850521420437,0.023910742384522843
ridge,M4_idio_vol,Technology,469,0.25370076908763556,0.42533941090260613,-0.21198576494946986,0.7249466950959488,0.4213941230377891,-0.18960619560598824,-0.9362465324328256,-0.02237956934348162
ridge,M5_text,Technology,469,0.24225465476205915,0.40612170649417667,-0.10493994275605245,0.7270788912579957,0.42533941090260613,-0.21198576494946986,4.518204501117794,0.1070458221934174
