model,year,n,mae,rmse,r2,dir_acc
baseline:company_hist,2014,213,0.047734945142354254,0.08516409147270795,0.8651339953648773,0.9906103286384976
baseline:company_hist,2015,204,0.049597500914158626,0.07813623862879782,0.8817841410392145,1.0
baseline:company_hist,2016,216,0.07125646668281829,0.13088062931361585,0.6985784569829574,0.9861111111111112
baseline:company_hist,2017,229,0.0748100759500232,0.13503243178282637,0.6339995596340425,0.982532751091703
baseline:company_hist,2018,258,0.08013480814990093,0.1431953362318942,0.6207521846272288,0.9844961240310077
baseline:company_hist,2019,241,0.054761509184407205,0.09950012515775057,0.8212957238829252,0.979253112033195
baseline:company_hist,2020,213,0.05055266536506796,0.08214104270505275,0.8671812346092075,0.9530516431924883
baseline:company_hist,2021,209,0.0508696598933822,0.08093887754088774,0.8658851892676986,0.9904306220095693
baseline:company_hist,2022,208,0.04179672263194903,0.06403608086217051,0.9155069265540704,1.0
baseline:company_hist,2023,216,0.04933271641517223,0.07444943664823604,0.8852236807254218,1.0
baseline:company_hist,2024,218,0.053875197570256904,0.07816844323899301,0.883315822010794,0.9862385321100917
baseline:company_hist,2025,115,0.09642699705229218,0.37352158696933413,-1.6876343282669009,0.9826086956521739
baseline:expanding_mean,2014,213,0.1936306074593175,0.23237367247325655,-0.004068401360260543,0.9906103286384976
baseline:expanding_mean,2015,204,0.1960605271039052,0.22859806781962583,-0.011849335099227032,1.0
baseline:expanding_mean,2016,216,0.2054322050400501,0.23850954692862442,-0.0010022979407597887,0.9953703703703703
baseline:expanding_mean,2017,229,0.19285308926884767,0.2248422573162225,-0.014755242532957125,1.0
baseline:expanding_mean,2018,258,0.19886539601441355,0.2327479957608657,-0.001929676701783123,1.0
baseline:expanding_mean,2019,241,0.19866202871394295,0.23539796601349725,-0.00021439931164501935,0.995850622406639
baseline:expanding_mean,2020,213,0.18779516437134816,0.2259111152785892,-0.004648673431364436,0.971830985915493
baseline:expanding_mean,2021,209,0.1852095404678874,0.22101156145545345,1.756347135895009e-05,0.9952153110047847
baseline:expanding_mean,2022,208,0.18531196135807512,0.2203625972007647,-0.0005697846936696394,1.0
baseline:expanding_mean,2023,216,0.1819540582989678,0.21984206486819924,-0.0008086509732498914,1.0
baseline:expanding_mean,2024,218,0.19033102103097535,0.2291480880587495,-0.002724257349534742,0.9862385321100917
baseline:expanding_mean,2025,115,0.19100258626667763,0.22798499754876236,-0.0012702353315174886,1.0
baseline:persistence,2014,213,0.03145408610802673,0.06955255484957291,0.9100470043054711,0.9906103286384976
baseline:persistence,2015,204,0.03960920216175238,0.07661904067412695,0.886330444929248,1.0
baseline:persistence,2016,216,0.05049033427198596,0.11947384371734378,0.7488291636363098,0.9953703703703703
baseline:persistence,2017,229,0.04873426517716716,0.09920494811631014,0.8024522449054659,0.9956331877729258
baseline:persistence,2018,258,0.07102527252368936,0.14039113368990297,0.6354604083055739,1.0
baseline:persistence,2019,241,0.04746045458456624,0.10736815327197141,0.7919160146117279,0.995850622406639
baseline:persistence,2020,213,0.03190791507670165,0.059396792646678506,0.930551158676077,0.9765258215962441
baseline:persistence,2021,209,0.03192514070058477,0.051467026639405895,0.9457723799927781,0.9760765550239234
baseline:persistence,2022,208,0.025009356300881327,0.038902904464847954,0.9688157234990349,0.9951923076923077
baseline:persistence,2023,216,0.035745952003668695,0.059123891609941616,0.927613848739305,1.0
baseline:persistence,2024,218,0.028374243366500247,0.05065944073732438,0.950991678626762,0.9862385321100917
baseline:persistence,2025,115,0.01762077843110936,0.026280678344131125,0.9866950909843651,0.9826086956521739
baseline:sector_median,2014,213,0.1324598981327397,0.18288703945889562,0.37805022398462096,0.9906103286384976
baseline:sector_median,2015,204,0.11986857549503085,0.1657301605323723,0.4681687627695662,1.0
baseline:sector_median,2016,216,0.1267127157902016,0.17819336755239,0.44126405667851465,0.9953703703703703
baseline:sector_median,2017,229,0.1248201842955354,0.1851853351411136,0.3116352640620418,1.0
baseline:sector_median,2018,258,0.14019257775006505,0.1901834347714987,0.3310237281428289,1.0
baseline:sector_median,2019,241,0.12194173839538314,0.15687732982242622,0.5557698120967489,0.995850622406639
baseline:sector_median,2020,213,0.11790898722713253,0.15552715520183966,0.5238415756486403,0.971830985915493
baseline:sector_median,2021,209,0.10794008384229536,0.1455529050531706,0.5662852999534893,0.9952153110047847
baseline:sector_median,2022,208,0.11125452399518407,0.14483300912669478,0.5677781409183489,1.0
baseline:sector_median,2023,216,0.12331494361121707,0.15679870148288697,0.4908867672295425,1.0
baseline:sector_median,2024,218,0.12955030377037058,0.1700742610083346,0.4476349004152008,0.9862385321100917
baseline:sector_median,2025,115,0.11771605967955157,0.15799985718360215,0.5191029021820077,1.0
catboost,2014,213,0.05916729486794249,0.10353155603172616,0.8006873153277247,0.9906103286384976
catboost,2015,204,0.056990148700329604,0.08562130895117791,0.8580503042940307,1.0
catboost,2016,216,0.058994051689610555,0.09686363359679709,0.8349007681709537,0.9953703703703703
catboost,2017,229,0.055427842569843504,0.08654321190558843,0.8496610721593303,1.0
catboost,2018,258,0.08143041015280382,0.14322243285953556,0.6206086421153718,1.0
catboost,2019,241,0.06642350354795362,0.1088296989592164,0.7862123830764598,0.995850622406639
catboost,2020,213,0.059293644859215004,0.0908030729162169,0.8376919321487188,0.971830985915493
catboost,2021,209,0.06444688599259964,0.08835458617002959,0.840183880763516,0.9952153110047847
catboost,2022,208,0.05760662615049231,0.07954478988112663,0.8696247671286093,1.0
catboost,2023,216,0.045959162804281306,0.06180469763963263,0.9209007375604739,1.0
catboost,2024,218,0.04578351212928699,0.062402787715639126,0.9256369784363137,0.9862385321100917
catboost,2025,115,0.041665336830769825,0.05533741233231468,0.9410102628149773,1.0
elasticnet,2014,213,0.10193399751396189,0.14439135397445066,0.6123213949977966,0.9906103286384976
elasticnet,2015,204,0.10084644780116563,0.14049967118747134,0.6177730052738346,1.0
elasticnet,2016,216,0.102106173342286,0.16052979905416162,0.5465443017487155,0.9953703703703703
elasticnet,2017,229,0.09242195378526334,0.12938665789639417,0.6639650725970031,0.9956331877729258
elasticnet,2018,258,0.12201846754518765,0.2412453714487661,-0.07642387058176481,1.0
elasticnet,2019,241,0.08953729455676844,0.13298017210933488,0.6808010368507438,0.995850622406639
elasticnet,2020,213,0.07782238868016421,0.11427062525504017,0.7429555546396299,0.971830985915493
elasticnet,2021,209,0.08499608598454206,0.1251375368310541,0.6794191390991053,0.9952153110047847
elasticnet,2022,208,0.0938359446353373,0.12463952864299195,0.6799018124789589,0.9951923076923077
elasticnet,2023,216,0.09362380065675707,0.11957571913318857,0.7039156419148713,1.0
elasticnet,2024,218,0.094145728434195,0.12252477208260253,0.7133203589819225,0.9862385321100917
elasticnet,2025,115,0.0960108216895559,0.1386074184135903,0.6299062789938845,1.0
ensemble,2014,213,0.055854681437956084,0.10149704519659451,0.8084437816697643,0.9906103286384976
ensemble,2015,204,0.05269324252126641,0.08001921665293861,0.8760178020723206,1.0
ensemble,2016,216,0.054898488598364006,0.09297018310183197,0.847906409600424,0.9953703703703703
ensemble,2017,229,0.05404812610083044,0.08316188243463464,0.8611793566079807,1.0
ensemble,2018,258,0.07030235165200195,0.12688646093250364,0.7022197368193513,1.0
ensemble,2019,241,0.06030133446475693,0.10456751764500993,0.8026299336140605,0.995850622406639
ensemble,2020,213,0.05797108797942226,0.09009956718912618,0.8401971849604757,0.971830985915493
ensemble,2021,209,0.06329529246047669,0.09267903204756477,0.8241568864067415,0.9952153110047847
ensemble,2022,208,0.05643447577864046,0.08051538352784614,0.8664237179493797,0.9951923076923077
ensemble,2023,216,0.04807622865129734,0.06398608604401128,0.9152186060018058,1.0
ensemble,2024,218,0.04497736654199841,0.06324014306257732,0.9236278999577009,0.9862385321100917
ensemble,2025,115,0.038402971221171846,0.056748037504523806,0.9379644750629544,1.0
extra_trees,2014,213,0.1171132488300385,0.15208629535175797,0.5698998256751437,0.9906103286384976
extra_trees,2015,204,0.10522963460374449,0.13251575164690094,0.6599789934583151,1.0
extra_trees,2016,216,0.10981792152412904,0.14341095807331047,0.6381003076194008,0.9953703703703703
extra_trees,2017,229,0.09726265333657913,0.12952576285369244,0.663242134814431,1.0
extra_trees,2018,258,0.1109013985494563,0.15150094783612905,0.5754820674448183,1.0
extra_trees,2019,241,0.10292880271409771,0.14015881523927484,0.6454083324074532,0.995850622406639
extra_trees,2020,213,0.09675026097016685,0.13174946823531294,0.658306468077402,0.971830985915493
extra_trees,2021,209,0.09615300522207151,0.1264826273477723,0.6724903181509456,0.9952153110047847
extra_trees,2022,208,0.09714033007433712,0.1219328834488941,0.6936532288501456,1.0
extra_trees,2023,216,0.09822487913194511,0.12317342321200843,0.6858308879630388,1.0
extra_trees,2024,218,0.10123584243886904,0.12754257869168842,0.6893585303600749,0.9862385321100917
extra_trees,2025,115,0.08876606659258657,0.1128666285047414,0.7546026481774999,1.0
hist_gbm,2014,213,0.06353974484713482,0.11160604164401303,0.7683859681102095,0.9906103286384976
hist_gbm,2015,204,0.05869168809667317,0.0881077733977364,0.8496860829046146,1.0
hist_gbm,2016,216,0.06070174751280314,0.09986824449891656,0.824499494669383,0.9953703703703703
hist_gbm,2017,229,0.0611513193782777,0.09252340017201263,0.8281661981651752,1.0
hist_gbm,2018,258,0.07420695675458368,0.1298360712884775,0.6882143864525543,1.0
hist_gbm,2019,241,0.0654664759943201,0.10785332255312696,0.7900312088917809,0.995850622406639
hist_gbm,2020,213,0.06514678228435045,0.09954378829784877,0.8049403929884087,0.971830985915493
hist_gbm,2021,209,0.06847494402840187,0.1009318628072069,0.791445788733584,0.9952153110047847
hist_gbm,2022,208,0.05988860286508542,0.0848107641914146,0.8517913429319317,0.9951923076923077
hist_gbm,2023,216,0.051388814277474666,0.07065331750212843,0.8966299849909342,1.0
hist_gbm,2024,218,0.047815950015784,0.06860582881665916,0.9101183417933364,0.9862385321100917
hist_gbm,2025,115,0.04132980310444085,0.06392723328922624,0.9212753777661713,1.0
lightgbm,2014,213,0.06101710641005034,0.10844999309354396,0.7813001356050095,0.9906103286384976
lightgbm,2015,204,0.05619653861765416,0.08213533978225994,0.8693736306222584,1.0
lightgbm,2016,216,0.05830482321595965,0.0973366043939214,0.8332845215716115,0.9953703703703703
lightgbm,2017,229,0.056140150437340615,0.08657034350203859,0.8495667938349827,1.0
lightgbm,2018,258,0.07118081595636544,0.1260372599340203,0.7061922504775623,1.0
lightgbm,2019,241,0.06346151096795039,0.10948339804601065,0.7836363860376796,0.995850622406639
lightgbm,2020,213,0.061586190831678385,0.0958279239407203,0.8192313249259389,0.971830985915493
lightgbm,2021,209,0.06519330302516828,0.09863415704737259,0.8008331470488101,0.9952153110047847
lightgbm,2022,208,0.05950717835067347,0.08482331413784566,0.8517474770773339,0.9951923076923077
lightgbm,2023,216,0.050021519414214635,0.06715427187852818,0.9066150800273125,1.0
lightgbm,2024,218,0.04707729416052261,0.06737195882108045,0.9133222968817791,0.9862385321100917
lightgbm,2025,115,0.040151984430132674,0.05874391150609363,0.933524059676637,1.0
random_forest,2014,213,0.10029468614144318,0.1438094599602233,0.6154397714990932,0.9906103286384976
random_forest,2015,204,0.09111254808758255,0.12270667322822505,0.7084539889298704,1.0
random_forest,2016,216,0.09647059352476138,0.13245254966751424,0.6912946293651849,0.9953703703703703
random_forest,2017,229,0.08440921974193219,0.11532833962729647,0.7330207496320611,1.0
random_forest,2018,258,0.10432322191642768,0.14296300015272723,0.6219818541211606,1.0
random_forest,2019,241,0.09377866847792715,0.13237254868659304,0.6837113903472909,0.995850622406639
random_forest,2020,213,0.08283164416707013,0.12120179290495954,0.7108274235384238,0.971830985915493
random_forest,2021,209,0.09190786785951048,0.12201116471703899,0.6952374966492805,0.9952153110047847
random_forest,2022,208,0.09013983648179301,0.11864374847327602,0.7099577014614029,1.0
random_forest,2023,216,0.08494597879990307,0.11290951893673484,0.7360081157521396,1.0
random_forest,2024,218,0.08712159229841081,0.11304301435161564,0.7559737732510977,0.9862385321100917
random_forest,2025,115,0.07458886063819957,0.0969054067015232,0.8191015754831797,1.0
ridge,2014,213,0.0998835376823831,0.14116434753729268,0.6294562377790458,0.9906103286384976
ridge,2015,204,0.10369360501018061,0.14752319096617791,0.5786031008734044,1.0
ridge,2016,216,0.11240764789681183,0.20397560820534305,0.2678838062827913,0.9953703703703703
ridge,2017,229,0.10485021537430071,0.1428613853725383,0.5903290728409669,0.9956331877729258
ridge,2018,258,0.13523609415107413,0.26008200357601646,-0.2510824875357782,1.0
ridge,2019,241,0.09261866266598219,0.1320305990026915,0.6853433766832628,0.995850622406639
ridge,2020,213,0.09064760610537162,0.124733122843747,0.693731305690063,0.9859154929577465
ridge,2021,209,0.10457056507357282,0.1408099334744939,0.5940907268579398,0.9856459330143541
ridge,2022,208,0.12573635589882995,0.15695151589404133,0.4924221656246417,0.9807692307692307
ridge,2023,216,0.09093837901201968,0.11898444844989314,0.7068365220763552,1.0
ridge,2024,218,0.09100130703340967,0.12129819060304085,0.7190314627646675,0.9862385321100917
ridge,2025,115,0.09428918941650075,0.1623283877030113,0.4923928654349963,1.0
xgboost,2014,213,0.050007752361484484,0.0922645923005502,0.8417077725563646,0.9906103286384976
xgboost,2015,204,0.051271025178557694,0.07823700012200928,0.8814790511845068,1.0
xgboost,2016,216,0.05219162332089133,0.08901689040527405,0.8605660990124715,0.9953703703703703
xgboost,2017,229,0.053501763300173366,0.08329525517365731,0.8607337260922985,1.0
xgboost,2018,258,0.06767631333651437,0.12345147099074981,0.7181241434364288,1.0
xgboost,2019,241,0.05949598086095758,0.10840297062423444,0.7878856464741844,0.995850622406639
xgboost,2020,213,0.060124181292550594,0.09089228666840887,0.837372841073662,0.971830985915493
xgboost,2021,209,0.06418046635629295,0.09628197352758384,0.8102191647852846,0.9952153110047847
xgboost,2022,208,0.0602291579081953,0.0860128613081601,0.8475601862320186,0.9903846153846154
xgboost,2023,216,0.05042569016888455,0.06640836068917547,0.9086780910779126,1.0
xgboost,2024,218,0.04642305481743718,0.06482556143840089,0.9197506323593796,0.9862385321100917
xgboost,2025,115,0.03833728781049464,0.058564638802102165,0.9339291786694115,1.0
